"","Individuo","Bloque.x","Tratamiento.x","AlturaTallo.x","DiamTallo.x","CobVeg_anc.x","CobVeg_lar.x","Rad.prom.x","Area.cob.x","Bloque.y","Tratamiento.y","AlturaTallo.y","DiamTallo.y","CobVeg_anc.y","CobVeg_lar.y","Rad.prom.y","Area.cob.y","dif.tallo","dif.alt","dif.cob"
"1",219,"B2",1,5.3,11.9,55,37,23,1661.902513749,"B2",1,10,11.5,66.5,49.5,29,2642.07942166902,0,4.7,980.176907920016
"2",220,"B2",1,1.7,10.2,26,25,12.75,510.705155749191,"B2",1,2.5,7.7,26,23,12.25,471.435247579318,0,0.8,0
"3",221,"B2",1,4,10.5,40,30,17.5,962.112750161874,"B2",1,9.3,11.3,70,67,34.25,3685.28453220168,0.800000000000001,5.3,2723.1717820398
"4",222,"B2",1,4.5,10.2,41,33,18.5,1075.21008569111,"B2",1,7,11.3,47,39,21.5,1452.20120412188,1.1,2.5,376.991118430775
"5",223,"B2",1,3.5,10.6,41,35,19,1134.11494794592,"B2",1,8,12.9,46,37,20.75,1352.65198691126,2.3,4.5,218.53703896534
"6",224,"B2",1,5,12.5,24,17,10.25,330.063578167778,"B2",1,3,11,25,24,12.25,471.435247579318,0,0,141.371669411541
"7",225,"B2",1,6.5,13.6,4.5,42,11.625,424.556794701533,"B2",1,6.5,13,52,47,24.75,1924.4218498646,0,0,1499.86505516306
"8",226,"B2",1,5.2,11.8,43,37,20,1256.63706143592,"B2",1,11,13,69,63,33,3421.19439975928,1.2,5.8,2164.55733832337
"9",227,"B2",1,3.7,11.1,55,46,25.25,2002.96166620434,"B2",1,9.5,14,68,63,32.75,3369.5544705159,2.9,5.8,1366.59280431156
"10",228,"B2",1,4.5,13.4,49,37,21.5,1452.20120412188,"B2",1,8,11.6,57,56,28.25,2507.1872871055,0,3.5,1054.98608298362
"11",230,"B2",1,7.5,12,63,49,28,2463.0086404144,"B2",1,13,16.2,52,48.5,25.125,1983.17944996377,4.2,5.5,0
"12",231,"B2",1,3.7,7.2,38,25,15.75,779.311327631118,"B2",1,4.5,9.2,52,39,22.75,1625.97054777357,2,0.8,846.659220142449
"13",233,"B2",1,5,11.5,51,50,25.25,2002.96166620434,"B2",1,4.5,11.8,70,47,29.25,2687.82886468692,0.300000000000001,0,684.867198482575
"14",235,"B2",1,6.3,10.7,51,45,24,1809.55736846772,"B2",1,8.5,11.7,67,49,29,2642.07942166902,1,2.2,832.522053201295
"15",236,"B2",1,2.7,7.7,21,15.5,9.125,261.586675796563,"B2",1,5.5,8.5,30,26,14,615.752160103599,0.8,2.8,354.165484307037
"16",237,"B2",1,6,11.1,48,40,22,1520.53084433746,"B2",1,11,12.8,54,50,26,2123.7166338267,1.7,5,603.18578948924
"17",239,"B2",1,9.5,10.6,46,37,20.75,1352.65198691126,"B2",1,8.5,12.2,68,45,28.25,2507.1872871055,1.6,0,1154.53530019425
"18",240,"B2",6,6.5,9.7,54,51,26.25,2164.75368786422,"B2",6,11,14.5,69,65,33.5,3525.65235549115,4.8,4.5,1360.89866762693
"19",241,"B2",6,4.5,9.2,41,35,19,1134.11494794592,"B2",6,10.5,10.2,55,51,26.5,2206.18344098343,1,6,1072.06849303752
"20",242,"B2",6,3,7.2,28,27,13.75,593.95736106932,"B2",6,7.3,8.3,40,47,21.75,1486.16967468882,1.1,4.3,892.212313619501
"21",243,"B2",6,6.5,8.7,46,36,20.5,1320.25431267111,"B2",6,5.5,11,56,52,27,2290.22104446696,2.3,0,969.966731795849
"22",244,"B2",6,4.2,8.5,41,40,20.25,1288.24933751266,"B2",6,8,10.6,48,42,22.5,1590.43128087983,2.1,3.8,302.181943367168
"23",245,"B2",6,4,9.4,33,27,15,706.858347057703,"B2",6,4.3,10,44,43,21.75,1486.16967468882,0.6,0.3,779.311327631118
"24",245,"B2",6,4,9.4,33,27,15,706.858347057703,"B2",6,4.5,8.4,44,40,21,1385.4423602331,0,0.5,678.584013175395
"25",246,"B2",6,5.7,10.7,42,37,19.75,1225.41748444087,"B2",6,9,11,67,55,30.5,2922.4665660019,0.300000000000001,3.3,1697.04908156104
"26",247,"B2",6,3.2,8.4,33,30,15.75,779.311327631118,"B2",6,6,9.8,58,51,27.25,2332.82889483127,1.4,2.8,1553.51756720015
"27",248,"B2",6,3.3,9.9,45,35,20,1256.63706143592,"B2",6,7,10.6,58,57,28.75,2596.72267773281,0.699999999999999,3.7,1340.0856162969
"28",249,"B2",6,5.3,10.6,33,30,15.75,779.311327631118,"B2",6,7.5,10,48,43,22.75,1625.97054777357,0,2.2,846.659220142449
"29",250,"B2",6,4.3,8.1,41,31,18,1017.87601976309,"B2",6,7.7,11.1,55,45,25,1963.49540849362,3,3.4,945.619388730528
"30",251,"B2",6,3.3,9.2,36,34,17.5,962.112750161874,"B2",6,2.7,8.5,38,36.5,18.625,1089.78903909917,0,0,127.676288937298
"31",252,"B2",6,2.2,6.1,26,20,11.5,415.47562843725,"B2",6,5,7.4,29,27,14,615.752160103599,1.3,2.8,200.276531666349
"32",253,"B2",6,2.5,5.6,30,26,14,615.752160103599,"B2",6,5,9,37,35,18,1017.87601976309,3.4,2.5,402.123859659494
"33",254,"B2",6,4.3,11.3,42,36,19.5,1194.59060652752,"B2",6,5,10.4,54.5,46,25.125,1983.17944996377,0,0.7,788.58884343625
"34",255,"B2",6,4.5,10.5,41,40,20.25,1288.24933751266,"B2",6,8.5,11.1,52,49,25.25,2002.96166620434,0.6,4,714.712328691678
"35",256,"B2",6,3.5,6.1,37,32,17.25,934.820163983813,"B2",6,6.5,8,54.5,39,23.375,1716.53677349034,1.9,3,781.716609506523
"36",257,"B2",6,3.2,12.1,39,38,19.25,1164.15642769587,"B2",6,7.5,11,58,47,26.25,2164.75368786422,0,4.3,1000.59726016835
"37",258,"B2",6,3,9.2,36,35,17.75,989.798035421634,"B2",6,7,9,54,36,22.5,1590.43128087983,0,4,600.633245458199
"38",259,"B2",6,5.5,8.1,45,35,20,1256.63706143592,"B2",6,8,8.5,62,58,30,2827.43338823081,0.4,2.5,1570.7963267949
"39",260,"B2",6,2.5,8.3,18,16,8.5,226.980069221863,"B2",6,3.5,6.6,35,28,15.75,779.311327631118,0,1,552.331258409255
"40",261,"B2",6,2.7,9.8,24,23,11.75,433.736135736241,"B2",6,3,8.7,29,19,12,452.38934211693,0,0.3,18.6532063806894
"41",262,"B2",6,3,8,31,25,14,615.752160103599,"B2",6,6,8.7,42,36,19.5,1194.59060652752,0.699999999999999,3,578.838446423919
"42",263,"B2",6,5.7,11.8,44,33,19.25,1164.15642769587,"B2",6,8.5,12,62,45,26.75,2248.00589318435,0.199999999999999,2.8,1083.84946548848
"43",264,"B2",3,3,5.3,32,28,15,706.858347057703,"B2",3,5,8,46,42,22,1520.53084433746,2.7,2,813.672497279756
"44",265,"B2",3,3.5,5.9,31,30,15.25,730.616641500476,"B2",3,4,8.6,52,42,23.5,1734.94454294496,2.7,0.5,1004.32790144449
"45",267,"B2",3,2.5,6.5,30,26,14,615.752160103599,"B2",3,2.3,8.5,33,31,16,804.247719318987,2,0,188.495559215388
"46",268,"B2",3,2.5,5.9,32,23,13.75,593.95736106932,"B2",3,5.5,7.3,41,43,21,1385.4423602331,1.4,3,791.484999163778
"47",270,"B2",3,2.5,5,24,20,11,380.132711084365,"B2",3,4.5,7,40,37,19.25,1164.15642769587,2,2,784.023716611503
"48",271,"B2",3,2.5,7.6,36,33,17.25,934.820163983813,"B2",3,2.5,6,32,28,15,706.858347057703,0,0,0
"49",271,"B2",3,2.5,7.6,36,33,17.25,934.820163983813,"B2",3,4,8.3,52,45,24.25,1847.45282985165,0.700000000000001,1.5,912.632665867835
"50",272,"B2",3,2.5,7.8,26,24,12.5,490.873852123405,"B2",3,4.5,7.6,45.5,44,22.375,1572.8089095886,0,2,1081.9350574652
"51",273,"B2",3,2,7,26,25,12.75,510.705155749191,"B2",3,4.5,9.3,45,36,20.25,1288.24933751266,2.3,2.5,777.544181763474
"52",275,"B2",3,3.5,8.6,36,35.5,17.875,1003.78794020715,"B2",3,4,8,47,36,20.75,1352.65198691126,0,0.5,348.864046704104
"53",276,"B2",3,4,8.5,39,32,17.75,989.798035421634,"B2",3,8.5,10.1,53,57,27.5,2375.82944427728,1.6,4.5,1386.03140885565
"54",278,"B2",3,3,4.3,21,19,10,314.159265358979,"B2",3,5,6,43,37.5,20.125,1272.39411208908,1.7,2,958.234846730099
"55",280,"B2",7,5,11.9,45,34,19.75,1225.41748444087,"B2",7,8,11.7,62,58,30,2827.43338823081,0,3,1602.01590378995
"56",281,"B2",7,5,12.9,49,37,21.5,1452.20120412188,"B2",7,9,9.8,59,57,29,2642.07942166902,0,4,1189.87821754713
"57",282,"B2",7,3,10.8,40,35,18.75,1104.46616727766,"B2",7,4.5,11.9,43,42,21.25,1418.62543263664,1.1,1.5,314.159265358979
"58",283,"B2",7,3.5,8.1,40,30,17.5,962.112750161874,"B2",7,5,6.3,48,34,20.5,1320.25431267111,0,1.5,358.141562509236
"59",284,"B2",7,2.5,12.6,53,41,23.5,1734.94454294496,"B2",7,8,12.8,43,42,21.25,1418.62543263664,0.200000000000001,5.5,0
"60",285,"B2",7,6,13.8,56,48,26,2123.7166338267,"B2",7,9.5,11,53,53,26.5,2206.18344098343,0,3.5,82.4668071567321
"61",286,"B2",7,2,9,47,30,19.25,1164.15642769587,"B2",7,8,8.3,49,44,23.25,1698.22717880613,0,6,534.070751110265
"62",287,"B2",7,6.5,10.2,52,49,25.25,2002.96166620434,"B2",7,7.5,11.7,66,47,28.25,2507.1872871055,1.5,1,504.225620901162
"63",288,"B2",7,5,8.2,48,43,22.75,1625.97054777357,"B2",7,8,9.3,54,47,25.25,2002.96166620434,1.1,3,376.991118430775
"64",289,"B2",7,3.5,10.8,39,33,18,1017.87601976309,"B2",7,5,10.6,56,47,25.75,2083.07227887088,0,1.5,1065.19625910779
"65",290,"B2",7,4.5,9.5,46,32,19.5,1194.59060652752,"B2",7,7.5,9.1,49,38,21.75,1486.16967468882,0,3,291.579068161303
"66",291,"B2",7,3,5.7,20,17,9.25,268.802521422777,"B2",7,6,7.6,33,28,15.25,730.616641500476,1.9,3,461.8141200777
"67",292,"B2",7,4,11.4,42,34,19,1134.11494794592,"B2",7,12,10.5,47,46,23.25,1698.22717880613,0,8,564.112230860217
"68",293,"B2",7,5,11.9,43,41,21,1385.4423602331,"B2",7,5,12.4,46,40,21.5,1452.20120412188,0.5,0,66.7588438887831
"69",295,"B2",7,3.5,7.2,34,30,16,804.247719318987,"B2",7,5.5,7.9,39,38.5,19.375,1179.32442972648,0.7,2,375.076710407494
"70",296,"B2",7,4.3,8.7,33,30,15.75,779.311327631118,"B2",7,6,9.2,47,43,22.5,1590.43128087983,0.5,1.7,811.119953248715
"71",297,"B2",7,4.5,11.9,42,39,20.25,1288.24933751266,"B2",7,10,9.6,48,42,22.5,1590.43128087983,0,5.5,302.181943367168
"72",298,"B2",7,3.5,8.6,36,30,16.5,855.298599939821,"B2",7,4,8.6,40,36,19,1134.11494794592,0,0.5,278.816348006094
"73",299,"B2",7,4.5,9.2,43,37,20,1256.63706143592,"B2",7,8.5,10.7,59,56,28.75,2596.72267773281,1.5,4,1340.0856162969
"74",299,"B2",7,5,11.4,47,44,22.75,1625.97054777357,"B2",7,8.5,10.7,59,56,28.75,2596.72267773281,0,3.5,970.752129959246
"75",300,"B2",2,4.2,10.7,43,36,19.75,1225.41748444087,"B2",2,6.5,11.2,57,53,27.5,2375.82944427728,0.5,2.3,1150.41195983641
"76",301,"B2",2,5,7.8,44,41,21.25,1418.62543263664,"B2",2,8.5,8.8,50,47,24.25,1847.45282985165,1,3.5,428.827397215007
"77",302,"B2",2,6,10,53,51,26,2123.7166338267,"B2",2,10,10.4,66,55,30.25,2874.75362757551,0.4,4,751.03699374881
"78",304,"B2",2,5,13.6,50,49,24.75,1924.4218498646,"B2",2,10,13.9,59,56,28.75,2596.72267773281,0.300000000000001,5,672.300827868216
"79",305,"B2",2,7.3,10.7,40,39,19.75,1225.41748444087,"B2",2,10,11.7,57,49,26.5,2206.18344098343,1,2.7,980.765956542564
"80",307,"B2",2,3.2,5.8,25,23,12,452.38934211693,"B2",2,6,5.5,37,33,17.5,962.112750161874,0,2.8,509.723408044944
"81",308,"B2",2,4.5,9.5,43,43,21.5,1452.20120412188,"B2",2,6,9.4,44,43,21.75,1486.16967468882,0,1.5,33.9684705669397
"82",309,"B2",2,6.5,11.4,40,38,19.5,1194.59060652752,"B2",2,9.5,12.5,59,55,28.5,2551.75863287831,1.1,3,1357.16802635079
"83",310,"B2",2,6.7,11.3,41,39,20,1256.63706143592,"B2",2,9,11.1,48,43,22.75,1625.97054777357,0,2.3,369.33348633765
"84",311,"B2",2,4.5,10.7,40,31,17.75,989.798035421634,"B2",2,8,10.4,59,54,28.25,2507.1872871055,0,3.5,1517.38925168387
"85",312,"B2",2,7,15.3,46,42,22,1520.53084433746,"B2",2,9,13.2,59,56,28.75,2596.72267773281,0,2,1076.19183339535
"86",313,"B2",2,6.3,13.4,55,54,27.25,2332.82889483127,"B2",2,8.5,12,52,49,25.25,2002.96166620434,0,2.2,0
"87",314,"B2",2,3.5,9.6,49,33,20.5,1320.25431267111,"B2",2,6.5,9.6,54,50,26,2123.7166338267,0,3,803.46232115559
"88",315,"B2",2,4.5,6.1,28,17,11.25,397.607820219958,"B2",2,7.5,6.7,25,23,12,452.38934211693,0.600000000000001,3,54.781521896972
"89",316,"B2",2,4.5,9.8,50,36,21.5,1452.20120412188,"B2",2,11,9.2,49,44,23.25,1698.22717880613,0,6.5,246.025974684251
"90",317,"B2",2,5,10.4,40,40,20,1256.63706143592,"B2",2,10,11.5,58,58,29,2642.07942166902,1.1,5,1385.4423602331
"91",318,"B2",2,3,13.6,30,30,15,706.858347057703,"B2",2,10,12.5,67,55,30.5,2922.4665660019,0,7,2215.6082189442
"92",319,"B2",2,8.2,11.5,57,63,30,2827.43338823081,"B2",2,12,11.5,60,50,27.5,2375.82944427728,0,3.8,0
"93",320,"B2",2,9.3,15.2,65,60,31.25,3067.96157577128,"B2",2,12,14.2,70,66,34,3631.6811075498,0,2.7,563.719531778519
"94",321,"B2",2,4,10.8,49,33,20.5,1320.25431267111,"B2",2,8,12.8,49,48,24.25,1847.45282985165,2,4,527.198517180537
"95",322,"B2",4,2,9.5,35,27,15.5,754.767635024948,"B2",4,2,10,37,37,18.5,1075.21008569111,0.5,0,320.442450666159
"96",323,"B2",4,3,7,30,23,13.25,551.545860245858,"B2",4,5,7,38,30,17,907.92027688745,0,2,356.374416641592
"97",324,"B2",4,5,11.2,48,40,22,1520.53084433746,"B2",4,7,10.4,57,54,27.75,2419.22269280499,0,2,898.69184846753
"98",325,"B2",4,5.5,11.2,49,34,20.75,1352.65198691126,"B2",4,9,10.9,64,52,29,2642.07942166902,0,3.5,1289.42743475776
"99",326,"B2",4,2.5,11.2,42,24,16.5,855.298599939821,"B2",4,4,11,53,35,22,1520.53084433746,0,1.5,665.232244397639
"100",327,"B2",4,3.5,9.1,28,27,13.75,593.95736106932,"B2",4,3.5,9,37,32,17.25,934.820163983813,0,0,340.862802914492
"101",328,"B2",4,3.5,8.5,31,29,15,706.858347057703,"B2",4,6,9.2,43,48,22.75,1625.97054777357,0.699999999999999,2.5,919.112200715864
"102",329,"B2",4,3.7,10.6,53,50,25.75,2083.07227887088,"B2",4,4,11.6,70,55,31.25,3067.96157577128,1,0.3,984.8892969004
"103",330,"B2",4,5,11.2,48,37,21.25,1418.62543263664,"B2",4,8,8.7,50,39,22.25,1555.2847130678,0,3,136.659280431156
"104",331,"B2",4,4.5,10,43,39,20.5,1320.25431267111,"B2",4,8,8.6,49,45,23.5,1734.94454294496,0,3.5,414.690230273853
"105",332,"B2",4,5,8.1,41,40,20.25,1288.24933751266,"B2",4,7,9.9,56,54,27.5,2375.82944427728,1.8,2,1087.58010676462
"106",333,"B2",4,8,11.1,54,44,24.5,1885.74099031727,"B2",4,11,12.9,59,56,28.75,2596.72267773281,1.8,3,710.98168741554
"107",334,"B2",4,4,12.1,39,34,18.25,1046.34670318625,"B2",4,3,7.3,38,36,18.5,1075.21008569111,0,0,28.8633825048562
"108",335,"B2",4,4,9.9,40,39,19.75,1225.41748444087,"B2",4,7,10.2,45,43,22,1520.53084433746,0.299999999999999,3,295.113359896591
"109",336,"B2",4,4.5,10.1,51,40,22.75,1625.97054777357,"B2",4,6,10.5,63,48,27.75,2419.22269280499,0.4,1.5,793.252145031423
"110",337,"B2",4,3.5,10.5,39,32,17.75,989.798035421634,"B2",4,7,11.1,63,52,28.75,2596.72267773281,0.6,3.5,1606.92464231118
"111",338,"B2",4,3.5,9.1,34,33,16.75,881.413088872786,"B2",4,5,8.3,38,35,18.25,1046.34670318625,0,1.5,164.933614313464
"112",340,"B2",4,4,9.5,43,37,20,1256.63706143592,"B2",4,7,9.2,50,49,24.75,1924.4218498646,0,3,667.78478842868
"113",341,"B2",4,4,7.8,32,30,15.5,754.767635024948,"B2",4,7.5,7.3,53,40,23.25,1698.22717880613,0,3.5,943.459543781185
"114",342,"B2",4,3.5,5.7,27,23,12.5,490.873852123405,"B2",4,5.5,6.1,37,33,17.5,962.112750161874,0.399999999999999,2,471.238898038469
"115",343,"B2",4,4,12.1,54,50,26,2123.7166338267,"B2",4,7,11,75,68,35.75,4015.1517608286,0,3,1891.4351270019
"116",344,"B2",4,5,9.2,35,34,17.25,934.820163983813,"B2",4,8,7.9,42,39,20.25,1288.24933751266,0,3,353.429173528852
"117",345,"B2",5,3.7,11.3,37,33,17.5,962.112750161874,"B2",5,4.5,11.3,38,33,17.75,989.798035421634,0,0.8,27.68528525976
"118",346,"B2",5,2.7,8.5,40,30,17.5,962.112750161874,"B2",5,4.5,7.8,36,27,15.75,779.311327631118,0,1.8,0
"119",347,"B2",5,4.5,9.6,43,30,18.25,1046.34670318625,"B2",5,5.5,9.1,48,43,22.75,1625.97054777357,0,1,579.623844587317
"120",348,"B2",5,4.5,12,45,36,20.25,1288.24933751266,"B2",5,6,11.6,58,53,27.75,2419.22269280499,0,1.5,1130.97335529233
"121",349,"B2",5,4.5,6,31,25,14,615.752160103599,"B2",5,2,5.6,38,37,18.75,1104.46616727766,0,0,488.714007174062
"122",350,"B2",5,5.5,11.1,51,42,23.25,1698.22717880613,"B2",5,8.8,12.5,54,49,25.75,2083.07227887088,1.4,3.3,384.84510006475
"123",351,"B2",5,5,10.9,42,39,20.25,1288.24933751266,"B2",5,9,9.8,57,49,26.5,2206.18344098343,0,4,917.934103470768
"124",352,"B2",5,4.5,10,42,40,20.5,1320.25431267111,"B2",5,6,9.6,47,45,23,1661.902513749,0,1.5,341.64820107789
"125",353,"B2",5,6,13.2,59,37,24,1809.55736846772,"B2",5,9,9.9,59,55,28.5,2551.75863287831,0,3,742.201264410589
"126",354,"B2",5,4.5,11.4,53,43,24,1809.55736846772,"B2",5,8,11,60,48,27,2290.22104446696,0,3.5,480.663675999238
"127",355,"B2",5,5.5,11.4,57,48,26.25,2164.75368786422,"B2",5,6.5,11.6,63,44,26.75,2248.00589318435,0.199999999999999,1,83.2522053201296
"128",356,"B2",5,5.3,11.5,45,37,20.5,1320.25431267111,"B2",5,8.5,10.7,58,44,25.5,2042.82062299676,0,3.2,722.566310325652
"129",357,"B2",5,3,11.3,32,31,15.75,779.311327631118,"B2",5,4.5,10.2,34,29,15.75,779.311327631118,0,1.5,0
"130",358,"B2",5,7.5,13,48,43,22.75,1625.97054777357,"B2",5,10,13.7,67,58,31.25,3067.96157577128,0.699999999999999,2.5,1441.99102799772
"131",359,"B2",5,3.5,10.6,43,41,21,1385.4423602331,"B2",5,5.5,10.2,59,56,28.75,2596.72267773281,0,2,1211.28031749971
"132",360,"B2",5,5.5,10.6,57,43,25,1963.49540849362,"B2",5,10,11.2,77,69,36.5,4185.386812745,0.6,4.5,2221.89140425138
"133",361,"B2",5,4.5,10.5,38,27,16.25,829.576810088555,"B2",5,7.5,8.7,57,48,26.25,2164.75368786422,0,3,1335.17687777566
"134",362,"B2",5,3.5,11.5,46,37,20.75,1352.65198691126,"B2",5,6.5,9.4,48,45,23.25,1698.22717880613,0,3,345.575191894877
"135",363,"B2",5,4,10.1,29,27,14,615.752160103599,"B2",5,5.5,10.6,40,35,18.75,1104.46616727766,0.5,1.5,488.714007174062
"136",364,"B2",5,5,11.1,47,45,23,1661.902513749,"B2",5,7.7,12.4,62,58,30,2827.43338823081,1.3,2.7,1165.53087448181
"137",366,"B2",5,4.5,11.2,40,29,17.25,934.820163983813,"B2",5,6,7.8,49,51,25,1963.49540849362,0,1.5,1028.67524450981
"138",366,"B2",5,4.5,11.2,40,29,17.25,934.820163983813,"B2",5,5.5,8.2,46,45,22.75,1625.97054777357,0,1,691.150383789754
"139",367,"B2",5,4.2,9.8,46,46,23,1661.902513749,"B2",5,6,10.6,67,56,30.75,2970.57220351,0.799999999999999,1.8,1308.669689761
"140",368,"B2",5,4.5,12.1,45,30,18.75,1104.46616727766,"B2",5,7,11.2,65,53,29.5,2733.97100678652,0,2.5,1629.50483950886
"141",369,"B3",7,7.5,12.1,65,59,31,3019.07054009979,"B3",7,9,14,83,68,37.75,4476.9658809063,1.9,1.5,1457.89534080651
"142",370,"B3",7,4,9.2,39,35,18.5,1075.21008569111,"B3",7,12,7.8,45,47,23,1661.902513749,0,8,586.692428057894
"143",371,"B3",7,4.5,11.9,45,37,20.5,1320.25431267111,"B3",7,6.5,10.4,62,52,28.5,2551.75863287831,0,2,1231.5043202072
"144",372,"B3",7,7,11.5,57,49,26.5,2206.18344098343,"B3",7,7,9.7,53,52,26.25,2164.75368786422,0,0,0
"145",373,"B3",7,8,13.3,71,52,30.75,2970.57220351,"B3",7,11.5,13.6,93,54,36.75,4242.91722821387,0.299999999999999,3.5,1272.34502470387
"146",374,"B3",7,8.2,12,52,39,22.75,1625.97054777357,"B3",7,10,11.2,55,44,24.75,1924.4218498646,0,1.8,298.45130209103
"147",375,"B3",7,7.3,12.8,54,48,25.5,2042.82062299676,"B3",7,10,11,68,58,31.5,3117.24531052447,0,2.7,1074.42468752771
"148",376,"B3",7,6,10.5,54,49,25.75,2083.07227887088,"B3",7,5.5,10.9,66,65,32.75,3369.5544705159,0.4,0,1286.48219164502
"149",378,"B3",7,8.3,13.4,58,55,28.25,2507.1872871055,"B3",7,7,12,64,59,30.75,2970.57220351,0,0,463.384916404495
"150",380,"B3",7,7.3,9.8,52,51,25.75,2083.07227887088,"B3",7,9.5,8.5,60,57,29.25,2687.82886468692,0,2.2,604.756585816035
"151",381,"B3",7,5.5,13,50,40,22.5,1590.43128087983,"B3",7,6.5,13,52,40,23,1661.902513749,0,1,71.4712328691678
"152",382,"B3",7,7,13,49,33,20.5,1320.25431267111,"B3",7,9,12.3,76,64,35,3848.4510006475,0,2,2528.19668797639
"153",383,"B3",7,6.5,11.6,34,33,16.75,881.413088872786,"B3",7,8,13.6,36,30,16.5,855.298599939821,2,1.5,0
"154",384,"B3",3,5,10,40,39,19.75,1225.41748444087,"B3",3,7.5,11.8,61,57,29.5,2733.97100678652,1.8,2.5,1508.55352234565
"155",385,"B3",3,3.5,7,46,42,22,1520.53084433746,"B3",3,7,9.5,53,47,25,1963.49540849362,2.5,3.5,442.964564156161
"156",386,"B3",3,3.7,6.8,39,28,16.75,881.413088872786,"B3",3,5,7.2,34,40,18.5,1075.21008569111,0.4,1.3,193.79699681832
"157",387,"B3",3,4,5.5,38.5,26,16.125,816.863177318559,"B3",3,3.5,5.9,48,30,19.5,1194.59060652752,0.4,0,377.72742920896
"158",387,"B3",3,4,5.5,38.5,26,16.125,816.863177318559,"B3",7,8.5,10.2,64,47,27.75,2419.22269280499,4.7,4.5,1602.35951548643
"159",388,"B3",3,3.5,6.8,42,36,19.5,1194.59060652752,"B3",3,6.5,7.1,52,48,25,1963.49540849362,0.3,3,768.904801966102
"160",389,"B3",3,2.5,6.1,29,29,14.5,660.519855417254,"B3",3,3.7,9.7,29,28,14.25,637.939658219577,3.6,1.2,0
"161",390,"B3",3,3.5,6.8,37,31,17,907.92027688745,"B3",3,8,3,43,36,19.75,1225.41748444087,0,4.5,317.497207553419
"162",391,"B3",3,1.5,4.2,17.5,16.5,8.5,226.980069221863,"B3",3,2.5,4.2,30,22,13,530.929158456675,0,1,303.949089234813
"163",392,"B3",3,5,8.3,41,38,19.75,1225.41748444087,"B3",3,6,9.4,58,39,24.25,1847.45282985165,1.1,1,622.035345410779
"164",393,"B3",3,4.5,8.5,45,34,19.75,1225.41748444087,"B3",3,7,8.4,68,61,32.25,3267.45270927423,0,2.5,2042.03522483337
"165",394,"B3",3,2.2,3.6,26,24,12.5,490.873852123405,"B3",3,3,4.8,35,26,15.25,730.616641500476,1.2,0.8,239.742789377071
"166",396,"B3",3,3.5,5,22,15,9.25,268.802521422777,"B3",3,4,4.9,33,27,15,706.858347057703,0,0.5,438.055825634927
"167",397,"B3",3,2,4.6,14,13,6.75,143.138815279185,"B3",3,3,3.3,21,22,10.75,363.05030103047,0,1,219.911485751286
"168",398,"B3",3,4,5.7,21.5,21,10.625,354.65635815916,"B3",3,3,6.3,35,34,17.25,934.820163983813,0.6,0,580.163805824653
"169",399,"B3",5,8,13.1,55.5,41,24.125,1828.45601177447,"B3",5,11,13.5,72,59,32.75,3369.5544705159,0.4,3,1541.09845874143
"170",400,"B3",5,8.5,12,57,43,25,1963.49540849362,"B3",5,11.5,12.7,62,52,28.5,2551.75863287831,0.699999999999999,3,588.263224384689
"171",401,"B3",5,6.6,11.3,68,58,31.5,3117.24531052447,"B3",5,8,10.2,65,63,32,3216.99087727595,0,1.4,99.745566751476
"172",402,"B3",5,10,13.5,60,47,26.75,2248.00589318435,"B3",5,10.5,12.9,61,60,30.25,2874.75362757551,0,0.5,626.747734391164
"173",403,"B3",5,4.5,10.7,41,33,18.5,1075.21008569111,"B3",5,7.5,10,64,60,31,3019.07054009979,0,3,1943.86045440868
"174",404,"B3",5,9,14.5,52,49,25.25,2002.96166620434,"B3",5,14,13.5,83,80,40.75,5216.8109508267,0,5,3213.84928462236
"175",405,"B3",5,4.5,10,47,45,23,1661.902513749,"B3",5,5.5,10.3,57,46,25.75,2083.07227887088,0.300000000000001,1,421.169765121882
"176",406,"B3",5,7.5,10.5,49,43,23,1661.902513749,"B3",5,11,11.8,59,47,26.5,2206.18344098343,1.3,3.5,544.280927234432
"177",407,"B3",5,7.2,12.4,55,54,27.25,2332.82889483127,"B3",5,10,10,62,59,30.25,2874.75362757551,0,2.8,541.924732744239
"178",408,"B3",5,6,13.3,59,57,29,2642.07942166902,"B3",5,8,14.7,59,46,26.25,2164.75368786422,1.4,2,0
"179",409,"B3",5,8,17.2,54,54,27,2290.22104446696,"B3",5,13.5,12.2,54,40,23.5,1734.94454294496,0,5.5,0
"180",410,"B3",5,10,14.5,68,50,29.5,2733.97100678652,"B3",5,13,14.2,72,63,33.75,3578.47038197962,0,3,844.499375193106
"181",411,"B3",5,9.5,11.7,53,51,26,2123.7166338267,"B3",5,13,13.3,61,53,28.5,2551.75863287831,1.6,3.5,428.041999051609
"182",411,"B3",5,9.5,11.7,53,51,26,2123.7166338267,"B4",7,12.8,15.5,78,75,38.25,4596.34640174272,3.8,3.3,2472.62976791602
"183",412,"B3",5,9,13.5,59,57,29,2642.07942166902,"B3",5,9,13,65,59,31,3019.07054009979,0,0,376.991118430775
"184",413,"B3",5,8,14.7,66,57,30.75,2970.57220351,"B3",5,10,13.5,65,52,29.25,2687.82886468692,0,2,0
"185",414,"B3",5,9,11.9,48,46,23.5,1734.94454294496,"B3",5,12,15.8,63,60,30.75,2970.57220351,3.9,3,1235.62766056504
"186",415,"B3",5,7.3,13.4,47,39,21.5,1452.20120412188,"B3",5,8,12.1,47,25,18,1017.87601976309,0,0.7,0
"187",416,"B3",5,9,12,56,43.5,24.875,1943.9095417939,"B3",5,13,11.4,68,56,31,3019.07054009979,0,4,1075.16099830589
"188",417,"B3",5,7,12.9,58,45,25.75,2083.07227887088,"B3",5,12,11.6,62,42,26,2123.7166338267,0,5,40.644354955818
"189",418,"B3",5,5.5,12.9,57,45,25.5,2042.82062299676,"B3",5,5,11.9,60,62,30.5,2922.4665660019,0,0,879.645943005142
"190",419,"B3",5,8,12.5,47,46,23.25,1698.22717880613,"B3",5,10,11.4,54,53,26.75,2248.00589318435,0,2,549.778714378214
"191",420,"B3",5,5.9,13.2,53,36,22.25,1555.2847130678,"B3",5,6.8,12.2,51,50,25.25,2002.96166620434,0,0.899999999999999,447.676953136546
"192",421,"B3",6,5.2,11.1,32.5,29,15.375,742.6430508775,"B3",6,5,10.1,37,34,17.75,989.798035421634,0,0,247.154984544134
"193",422,"B3",6,3,9.1,44,42,21.5,1452.20120412188,"B3",6,2,10,42,41,20.75,1352.65198691126,0.9,0,0
"194",423,"B3",6,6.3,10.9,52,51,25.75,2083.07227887088,"B3",6,9,12.2,54,49,25.75,2083.07227887088,1.3,2.7,0
"195",424,"B3",6,6,10.8,47,39,21.5,1452.20120412188,"B3",6,9.5,10.4,43,54,24.25,1847.45282985165,0,3.5,395.251625729766
"196",425,"B3",6,7.3,9.5,45,39,21,1385.4423602331,"B3",6,10.5,9.7,59,55,28.5,2551.75863287831,0.199999999999999,3.2,1166.31627264521
"197",426,"B3",6,5,8.6,35,32,16.75,881.413088872786,"B3",6,7.3,9.3,45,43,22,1520.53084433746,0.700000000000001,2.3,639.117755464674
"198",428,"B3",6,7,13.6,39,34,18.25,1046.34670318625,"B3",6,11.5,13.6,54,41,23.75,1772.05460616549,0,4.5,725.707902979242
"199",430,"B3",6,6.5,8.3,45,42,21.75,1486.16967468882,"B3",6,7,11.4,46,45,22.75,1625.97054777357,3.1,0.5,139.800873084746
"200",431,"B3",6,5,13,48,44,23,1661.902513749,"B3",6,5,12,67,52,29.75,2780.50584796782,0,0,1118.60333421882
"201",432,"B3",6,4,9.3,40,35.5,18.875,1119.24147022658,"B3",6,4.5,9.5,59,50,27.25,2332.82889483127,0.199999999999999,0.5,1213.58742460469
"202",433,"B3",6,5,10.8,46,36,20.5,1320.25431267111,"B3",6,6,11.2,49,46,23.75,1772.05460616549,0.399999999999999,1,451.800293494382
"203",433,"B3",6,7,10.9,60,50,27.5,2375.82944427728,"B3",6,6,11.2,49,46,23.75,1772.05460616549,0.299999999999999,0,0
"204",434,"B3",6,4,10.4,35,32,16.75,881.413088872786,"B3",6,3,9.6,48,45,23.25,1698.22717880613,0,0,816.814089933346
"205",435,"B3",6,5,10,42,34,19,1134.11494794592,"B3",6,8.7,10.8,56,45,25.25,2002.96166620434,0.800000000000001,3.7,868.846718258427
"206",436,"B3",6,6.3,12.3,48,47,23.75,1772.05460616549,"B3",6,10,9.8,57,55,28,2463.0086404144,0,3.7,690.954034248905
"207",437,"B3",6,7,10.9,60,50,27.5,2375.82944427728,"B3",6,8,12.4,70,67,34.25,3685.28453220168,1.5,1,1309.4550879244
"208",439,"B3",6,5.5,10.2,41,34,18.75,1104.46616727766,"B3",6,9.5,10,38,37,18.75,1104.46616727766,0,4,0
"209",440,"B3",6,6.3,9.8,52,48,25,1963.49540849362,"B3",6,11,10.3,67,56,30.75,2970.57220351,0.5,4.7,1007.07679501638
"210",441,"B3",6,5.7,9.7,38,33,17.75,989.798035421634,"B3",6,11,12.2,49,47,24,1809.55736846772,2.5,5.3,819.759333046087
"211",442,"B3",6,5.2,10.6,51,36,21.75,1486.16967468882,"B3",6,5.5,13.3,56,49,26.25,2164.75368786422,2.7,0.3,678.584013175395
"212",443,"B3",6,6.5,9.7,43,37,20,1256.63706143592,"B3",6,9.5,11.1,50,46,24,1809.55736846772,1.4,3,552.920307031804
"213",444,"B3",6,5.5,10.1,46,33,19.75,1225.41748444087,"B3",6,10.3,12.3,43,39,20.5,1320.25431267111,2.2,4.8,94.8368282302417
"214",445,"B3",1,6.5,8.9,36,25,15.25,730.616641500476,"B3",1,11.5,9.1,60,50,27.5,2375.82944427728,0.199999999999999,5,1645.2128027768
"215",446,"B3",1,5.5,9.8,38,36,18.5,1075.21008569111,"B3",1,10,10.5,45,44,22.25,1555.2847130678,0.699999999999999,4.5,480.07462737669
"216",447,"B3",1,5.5,8.7,36,30,16.5,855.298599939821,"B3",1,5.5,9.5,53,46,24.75,1924.4218498646,0.800000000000001,0,1069.12324992478
"217",448,"B3",1,5.5,9,53,42,23.75,1772.05460616549,"B3",1,8.5,9.2,58,54,28,2463.0086404144,0.199999999999999,3,690.954034248905
"218",449,"B3",1,3,10.4,46,40,21.5,1452.20120412188,"B3",1,8,14.2,75,63,34.5,3739.28065593525,3.8,5,2287.07945181337
"219",450,"B3",1,5.5,11.1,60,55,28.75,2596.72267773281,"B3",1,11.5,12.3,64,63,31.75,3166.92174435936,1.2,6,570.199066626547
"220",451,"B3",1,5.5,11,61,44,26.25,2164.75368786422,"B3",1,11.5,12.7,57,56,28.25,2507.1872871055,1.7,6,342.433599241288
"221",452,"B3",1,7,12.5,53,40,23.25,1698.22717880613,"B3",1,7,11.3,57,55,28,2463.0086404144,0,0,764.781461608265
"222",455,"B3",1,7.5,10.4,49,37,21.5,1452.20120412188,"B3",1,12,11.2,60,57,29.25,2687.82886468692,0.799999999999999,4.5,1235.62766056504
"223",457,"B3",1,4.5,11.6,51,44,23.75,1772.05460616549,"B3",1,3.5,11,77,64,35.25,3903.62522162617,0,0,2131.57061546067
"224",458,"B3",1,5.3,13.3,44,40,21,1385.4423602331,"B3",1,7.5,11.1,48,47,23.75,1772.05460616549,0,2.2,386.612245932394
"225",459,"B3",1,6.5,10.8,45,42,21.75,1486.16967468882,"B3",1,11,14.4,48,41,22.25,1555.2847130678,3.6,4.5,69.1150383789754
"226",460,"B3",1,8,10,51,46,24.25,1847.45282985165,"B3",1,11.5,9.5,58,47,26.25,2164.75368786422,0,3.5,317.300858012569
"227",461,"B3",1,4,10.1,42,41,20.75,1352.65198691126,"B3",1,8.7,7.5,57,54,27.75,2419.22269280499,0,4.7,1066.57070589373
"228",462,"B3",1,5.5,12.5,46,45,22.75,1625.97054777357,"B3",1,10,11.9,58,57,28.75,2596.72267773281,0,4.5,970.752129959246
"229",463,"B3",1,3.2,10.6,44,33,19.25,1164.15642769587,"B3",1,7,12.1,77,33,27.5,2375.82944427728,1.5,3.8,1211.67301658141
"230",464,"B3",1,6.5,13.1,64,50,28.5,2551.75863287831,"B3",1,9,12.4,72,57,32.25,3267.45270927423,0,2.5,715.694076395925
"231",465,"B3",4,4.3,8,55,45,25,1963.49540849362,"B3",4,10,10.7,53,49,25.5,2042.82062299676,2.7,5.7,79.3252145031422
"232",466,"B3",4,6.5,12.3,51,47,24.5,1885.74099031727,"B3",4,11.3,10.5,52,49,25.25,2002.96166620434,0,4.8,117.220675887069
"233",467,"B3",4,6.5,10.8,45,43,22,1520.53084433746,"B3",4,9.5,13.1,61,52,28.25,2507.1872871055,2.3,3,986.656442768044
"234",468,"B3",4,5,11.3,54,42,24,1809.55736846772,"B3",4,7.5,10.9,64,57,30.25,2874.75362757551,0,2.5,1065.19625910779
"235",469,"B3",4,9.5,13.4,50,42,23,1661.902513749,"B3",4,13.5,12.8,62,54,29,2642.07942166902,0,4,980.176907920016
"236",470,"B3",4,9,14.4,62,49,27.75,2419.22269280499,"B3",4,14.2,13,80,60,35,3848.4510006475,0,5.2,1429.22830784251
"237",471,"B3",4,1,12.5,43,42,21.25,1418.62543263664,"B3",4,7.5,9.3,56,38,23.5,1734.94454294496,0,6.5,316.319110308322
"238",472,"B3",4,9,14.6,50,48,24.5,1885.74099031727,"B3",4,10.3,13,78,66,36,4071.50407905237,0,1.3,2185.7630887351
"239",473,"B3",4,7.5,11.2,54,33,21.75,1486.16967468882,"B3",4,13.5,12,66,65,32.75,3369.5544705159,0.800000000000001,6,1883.38479582708
"240",474,"B3",4,6,12.7,48,40,22,1520.53084433746,"B3",4,8,13.4,66,65,32.75,3369.5544705159,0.700000000000001,2,1849.02362617844
"241",475,"B3",4,4.5,10.8,50,43,23.25,1698.22717880613,"B3",4,10.5,10.7,80,62,35.5,3959.19214168654,0,6,2260.9649628804
"242",476,"B3",4,6.2,13,43,40,20.75,1352.65198691126,"B3",4,10.5,10.5,65,60,31.25,3067.96157577128,0,4.3,1715.30958886003
"243",477,"B3",4,7,12.1,52,47,24.75,1924.4218498646,"B3",4,12,11.5,73,69,35.5,3959.19214168654,0,5,2034.77029182194
"244",478,"B3",4,4,9.9,47,43,22.5,1590.43128087983,"B3",4,3.5,12.8,49,36,21.25,1418.62543263664,2.9,0,0
"245",479,"B3",4,7,9.1,60,49,27.25,2332.82889483127,"B3",4,11,11.8,87,75,40.5,5152.99735005066,2.7,4,2820.16845521939
"246",480,"B3",4,6.5,12.8,60,53,28.25,2507.1872871055,"B3",4,17,13.9,79,60,34.75,3793.66947875052,1.1,10.5,1286.48219164502
"247",481,"B3",4,5,9.2,36,28,16,804.247719318987,"B3",4,6.5,9.3,50,42,23,1661.902513749,0.100000000000001,1.5,857.654794430013
"248",482,"B3",4,7,11.7,48,45,23.25,1698.22717880613,"B3",4,11,10.3,57,40,24.25,1847.45282985165,0,4,149.225651045515
"249",483,"B3",4,5.5,14.2,53,52,26.25,2164.75368786422,"B3",4,12,13.1,91,65,39,4778.36242611007,0,6.5,2613.60873824586
"250",484,"B3",4,6.5,13,60,40,25,1963.49540849362,"B3",4,12,12.1,58,55,28.25,2507.1872871055,0,5.5,543.691878611884
"251",485,"B3",4,7.5,11.4,66,54,30,2827.43338823081,"B3",4,14,12.9,82,75,39.25,4839.81983239593,1.5,6.5,2012.38644416511
"252",486,"B3",4,7,11.7,66,51,29.25,2687.82886468692,"B3",4,8.5,13.5,79,68,36.75,4242.91722821387,1.8,1.5,1555.08836352695
"253",487,"B3",2,7,13.4,47,40,21.75,1486.16967468882,"B3",2,15,13,65,58,30.75,2970.57220351,0,8,1484.40252882118
"254",488,"B3",2,8,13.8,46,37,20.75,1352.65198691126,"B3",2,17,12.9,82,62,36,4071.50407905237,0,9,2718.85209214112
"255",490,"B3",2,9.7,16.3,68,57,31.25,3067.96157577128,"B3",2,15.5,16.5,74,71,36.25,4128.24909635784,0.199999999999999,5.8,1060.28752058656
"256",491,"B3",2,4.7,11.7,64,49,28.25,2507.1872871055,"B3",2,7.5,12.1,79,70,37.25,4359.15615639669,0.4,2.8,1851.96886929118
"257",492,"B3",2,7.5,14.5,53,49,25.5,2042.82062299676,"B3",2,13.5,12,67,65,33,3421.19439975928,0,6,1378.37377676252
"258",493,"B3",2,7.5,16.9,59,50,27.25,2332.82889483127,"B3",2,15.5,13.1,67,57,31,3019.07054009979,0,8,686.241645268521
"259",494,"B3",2,7.3,13.2,48,42,22.5,1590.43128087983,"B3",2,13.5,12.3,58,49,26.75,2248.00589318435,0,6.2,657.574612304514
"260",495,"B3",2,5.3,10.6,58,49,26.75,2248.00589318435,"B3",2,16,11.7,70,60,32.5,3318.30724035422,1.1,10.7,1070.30134716987
"261",496,"B3",2,6,12.3,68,49,29.25,2687.82886468692,"B3",2,10.5,13.2,80,67,36.75,4242.91722821387,0.899999999999999,4.5,1555.08836352695
"262",497,"B3",2,7,12.7,56,53,27.25,2332.82889483127,"B3",2,14.5,11.3,78,63,35.25,3903.62522162617,0,7.5,1570.7963267949
"263",498,"B3",2,2.5,5.9,25,23,12,452.38934211693,"B3",2,5,3.8,30,24,13.5,572.55526111674,0,2.5,120.16591899981
"264",499,"B3",2,8.5,14.6,50,45,23.75,1772.05460616549,"B3",2,21.5,13.6,79,69,37,4300.84034276443,0,13,2528.78573659893
"265",500,"B3",2,7.5,12.2,49,49,24.5,1885.74099031727,"B3",2,12,11.9,68,56,31,3019.07054009979,0,4.5,1133.32954978252
"266",501,"B3",2,8.5,17.3,57,56,28.25,2507.1872871055,"B3",2,11,10.7,74,67,35.25,3903.62522162617,0,2.5,1396.43793452066
"267",502,"B3",2,10,14.4,67,55,30.5,2922.4665660019,"B3",2,19,14.3,83,63,36.5,4185.386812745,0,9,1262.9202467431
"268",503,"B3",2,6.2,15.4,55,48,25.75,2083.07227887088,"B3",2,13,14.2,70,56,31.5,3117.24531052447,0,6.8,1034.17303165359
"269",504,"B3",2,6.5,15.5,50,46,24,1809.55736846772,"B3",2,12.5,13.2,72,63,33.75,3578.47038197962,0,6,1768.9130135119
"270",505,"B3",2,6.5,12.3,66,54,30,2827.43338823081,"B3",2,13,12.6,92,85,44.25,6151.43476526966,0.299999999999999,6.5,3324.00137703885
"271",506,"B3",2,7.5,12.1,77,60,34.25,3685.28453220168,"B3",2,13.5,11.3,75,70,36.25,4128.24909635784,0,6,442.964564156161
"272",507,"B4",7,7,13.6,58,42,25,1963.49540849362,"B4",7,17.7,8.5,61,73,33.5,3525.65235549115,0,10.7,1562.15694699752
"273",508,"B4",7,4,10.5,53,42,23.75,1772.05460616549,"B4",7,10.8,6.5,48,46,23.5,1734.94454294496,0,6.8,0
"274",509,"B4",7,7,9.1,62,63,31.25,3067.96157577128,"B4",7,12.3,14.5,68,63,32.75,3369.5544705159,5.4,5.3,301.59289474462
"275",510,"B4",7,2.5,12,78,59,34.25,3685.28453220168,"B4",7,12.6,17.5,89,79.5,42.125,5574.8052511803,5.5,10.1,1889.52071897862
"276",512,"B4",7,5.5,11.2,44,42,21.5,1452.20120412188,"B4",7,12.3,10,71,56,31.75,3166.92174435936,0,6.8,1714.72054023748
"277",513,"B4",7,3.5,11.2,62,54,29,2642.07942166902,"B4",7,10,13.5,36.5,38,18.625,1089.78903909917,2.3,6.5,0
"278",514,"B4",7,8.5,11.2,49,47,24,1809.55736846772,"B4",7,14.8,16,87,73.5,40.125,5058.01325966478,4.8,6.3,3248.45589119706
"279",515,"B4",7,3,7.5,30,30,15,706.858347057703,"B4",7,8.1,7,40,37,19.25,1164.15642769587,0,5.1,457.298080638164
"280",516,"B4",7,4,8.9,47,33,20,1256.63706143592,"B4",7,9.8,11.5,46,55,25.25,2002.96166620434,2.6,5.8,746.324604768425
"281",517,"B4",7,5.5,10.9,42,38,20,1256.63706143592,"B4",7,13.9,11.3,49,45,23.5,1734.94454294496,0.4,8.4,478.307481509046
"282",518,"B4",7,5,10,45,35,20,1256.63706143592,"B4",7,10.9,15,62,54,29,2642.07942166902,5,5.9,1385.4423602331
"283",519,"B4",7,6,10.6,60,55,28.75,2596.72267773281,"B4",7,11.3,14.5,73,69,35.5,3959.19214168654,3.9,5.3,1362.46946395372
"284",520,"B4",7,2.5,9.3,37,35,18,1017.87601976309,"B4",7,11.4,6,50,41,22.75,1625.97054777357,0,8.9,608.094528010474
"285",521,"B4",7,4.5,9.6,36,33,17.25,934.820163983813,"B4",7,10,7.5,49,43,23,1661.902513749,0,5.5,727.082349765188
"286",522,"B4",7,3.5,7,34,33,16.75,881.413088872786,"B4",7,9.4,6.5,50,47,24.25,1847.45282985165,0,5.9,966.039740978861
"287",523,"B4",7,5,9.9,64,46,27.5,2375.82944427728,"B4",7,12.9,12,56,57.5,28.375,2529.42387260669,2.1,7.9,153.594428329413
"288",524,"B4",7,6.5,9.4,50,47,24.25,1847.45282985165,"B4",7,11.3,9,57,54,27.75,2419.22269280499,0,4.8,571.769862953342
"289",525,"B4",7,3.5,7.7,29,28,14.25,637.939658219577,"B4",7,9.7,5.5,49,41,22.5,1590.43128087983,0,6.2,952.491622660255
"290",526,"B4",7,3.5,9.7,18,14,8,201.061929829747,"B4",7,8.7,5.2,25,17.5,10.625,354.65635815916,0,5.2,153.594428329413
"291",527,"B4",7,4,6.3,30,24,13.5,572.55526111674,"B4",7,5.7,7.5,39,33,18,1017.87601976309,1.2,1.7,445.320758646353
"292",528,"B4",6,7.5,11.9,81,51,33,3421.19439975928,"B4",6,13,12.7,80,81,40.25,5089.57644835631,0.799999999999999,5.5,1668.38204859703
"293",529,"B4",6,6,13.2,57,49,26.5,2206.18344098343,"B4",6,11.5,14,69,72,35.25,3903.62522162617,0.800000000000001,5.5,1697.44178064274
"294",530,"B4",6,9.5,13,67,63,32.5,3318.30724035422,"B4",6,15,16.3,65,62,31.75,3166.92174435936,3.3,5.5,0
"295",531,"B4",6,6.5,12.7,62,48,27.5,2375.82944427728,"B4",6,10.5,12.8,59,79,34.5,3739.28065593525,0.100000000000001,4,1363.45121165797
"296",532,"B4",6,8,11.3,65,43,27,2290.22104446696,"B4",6,14.5,12.9,83,84,41.75,5475.99234474786,1.6,6.5,3185.7713002809
"297",533,"B4",6,7,16.1,66,50,29,2642.07942166902,"B4",6,13.5,17.7,91,87,44.5,6221.13885227119,1.6,6.5,3579.05943060217
"298",535,"B4",6,4,10.6,53,47,25,1963.49540849362,"B4",6,9,10.4,41,37,19.5,1194.59060652752,0,5,0
"299",536,"B4",6,3,10.2,48,39,21.75,1486.16967468882,"B4",6,5.5,8.6,37,42,19.75,1225.41748444087,0,2.5,0
"300",537,"B4",6,6.5,13.2,38,42,20,1256.63706143592,"B4",6,8.5,14.2,52,58,27.5,2375.82944427728,1,2,1119.19238284136
"301",538,"B4",6,5.7,15,77,54,32.75,3369.5544705159,"B4",6,8.5,13.6,70,77,36.75,4242.91722821387,0,2.8,873.362757697963
"302",539,"B4",6,6,12,52,42,23.5,1734.94454294496,"B4",6,12.1,13.4,80,52,33,3421.19439975928,1.4,6.1,1686.24985681432
"303",540,"B4",6,5,11.3,45,42,21.75,1486.16967468882,"B4",6,5,9.2,27,42,17.25,934.820163983813,0,0,0
"304",541,"B4",6,6.5,14,52,50,25.5,2042.82062299676,"B4",6,5,12.6,52,46,24.5,1885.74099031727,0,0,0
"305",542,"B4",6,5.5,10.8,40,38,19.5,1194.59060652752,"B4",6,5.5,13.2,65,48,28.25,2507.1872871055,2.4,0,1312.59668057799
"306",542,"B4",6,5.5,10.8,40,38,19.5,1194.59060652752,"B4",6,7.5,11.7,62,53,28.75,2596.72267773281,0.899999999999999,2,1402.13207120529
"307",543,"B4",6,8,12.7,66,58,31,3019.07054009979,"B4",6,9.5,21.6,65,56,30.25,2874.75362757551,8.9,1.5,0
"308",544,"B4",6,7.5,13.1,59,43,25.5,2042.82062299676,"B4",6,5,11.5,57,59,29,2642.07942166902,0,0,599.258798672253
"309",545,"B4",6,6.5,13.1,69,62,32.75,3369.5544705159,"B4",6,5,14.1,72,52,31,3019.07054009979,1,0,0
"310",549,"B4",2,7.5,15.6,60,58,29.5,2733.97100678652,"B4",2,7.5,14.3,60,49,27.25,2332.82889483127,0,0,0
"311",551,"B4",2,6.5,13.6,43,40,20.75,1352.65198691126,"B4",2,5,12.3,36,35,17.75,989.798035421634,0,0,0
"312",553,"B4",2,3,13.7,47,40,21.75,1486.16967468882,"B4",2,4.5,12.2,47,46,23.25,1698.22717880613,0,1.5,212.057504117311
"313",555,"B4",2,5.3,11.2,42,39,20.25,1288.24933751266,"B4",2,4,10.7,36,34,17.5,962.112750161874,0,0,0
"314",558,"B4",2,6.5,13,40,33,18.25,1046.34670318625,"B4",2,6.5,12.6,46,39,21.25,1418.62543263664,0,0,372.27872945039
"315",559,"B4",2,5.5,8.5,43,38,20.25,1288.24933751266,"B4",2,7.5,9.8,60,56,29,2642.07942166902,1.3,2,1353.83008415635
"316",559,"B4",2,5.5,8.5,43,38,20.25,1288.24933751266,"B4",2,7.5,11.5,62,55,29.25,2687.82886468692,3,2,1399.57952717425
"317",560,"B4",2,10,11.8,102,67,42.25,5607.93923619863,"B4",2,14.5,13.3,76,81,39.25,4839.81983239593,1.5,4.5,0
"318",562,"B4",2,4.5,12.2,37,32,17.25,934.820163983813,"B4",2,5.5,12.5,36,29,16.25,829.576810088555,0.300000000000001,1,0
"319",563,"B4",2,6,12.1,50,39,22.25,1555.2847130678,"B4",2,7,12.6,50,47,24.25,1847.45282985165,0.5,1,292.168116783851
"320",565,"B4",5,8,11.6,49,41,22.5,1590.43128087983,"B4",5,10.5,14.9,43,42,21.25,1418.62543263664,3.3,2.5,0
"321",566,"B4",5,6,8.8,45,42,21.75,1486.16967468882,"B4",5,9.5,17,64,61,31.25,3067.96157577128,8.2,3.5,1581.79190108246
"322",567,"B4",5,7.7,10.6,59,53,28,2463.0086404144,"B4",5,10.5,15.4,66,45,27.75,2419.22269280499,4.8,2.8,0
"323",567,"B4",5,7.7,10.6,59,53,28,2463.0086404144,"B4",2,11.5,12.5,62,52,28.5,2551.75863287831,1.9,3.8,88.7499924639119
"324",568,"B4",5,5,7.2,40,37,19.25,1164.15642769587,"B4",5,5,16.4,50,48,24.5,1885.74099031727,9.2,0,721.584562621406
"325",569,"B4",5,6.5,10.7,47,47,23.5,1734.94454294496,"B4",5,11,13.3,42.5,49,22.875,1643.88744337607,2.6,4.5,0
"326",570,"B4",5,7,12.5,52,50,25.5,2042.82062299676,"B4",5,7.5,17.8,71,49,30,2827.43338823081,5.3,0.5,784.612765234051
"327",571,"B4",5,5.5,9.1,44,36,20,1256.63706143592,"B4",5,6.5,11.7,45,35,20,1256.63706143592,2.6,1,0
"328",572,"B4",5,7.5,13.8,62,59,30.25,2874.75362757551,"B4",5,12.5,15.5,70,50,30,2827.43338823081,1.7,5,0
"329",574,"B4",5,7.5,11.6,50,42,23,1661.902513749,"B4",5,9.3,10.8,64,44,27,2290.22104446696,0,1.8,628.318530717959
"330",576,"B4",5,4.5,9.5,43,40,20.75,1352.65198691126,"B4",5,7.3,9.8,33.5,37,17.625,975.906305406542,0.300000000000001,2.8,0
"331",577,"B4",5,5,11.7,48,43,22.75,1625.97054777357,"B4",5,9,17,34,38,18,1017.87601976309,5.3,4,0
"332",578,"B4",5,8,11.3,49,45,23.5,1734.94454294496,"B4",5,10,16.6,59.5,75,33.625,3552.01228135017,5.3,2,1817.06773840521
"333",579,"B4",5,5,13.3,49,47,24,1809.55736846772,"B4",5,6.5,16.8,65,62,31.75,3166.92174435936,3.5,1.5,1357.36437589164
"334",581,"B4",5,6,12.3,37,28,16.25,829.576810088555,"B4",5,11.5,13.8,35,39,18.5,1075.21008569111,1.5,5.5,245.633275602552
"335",583,"B4",5,6.5,9.5,40,39,19.75,1225.41748444087,"B4",5,11,13.6,52,48,25,1963.49540849362,4.1,4.5,738.077924052752
"336",584,"B4",5,6.7,10.8,50,43,23.25,1698.22717880613,"B4",5,6.8,15.8,70,46,29,2642.07942166902,5,0.0999999999999996,943.852242862883
"337",585,"B4",5,6.5,11.1,56,42,24.5,1885.74099031727,"B4",5,18.5,14.5,55,54,27.25,2332.82889483127,3.4,12,447.087904513997
"338",586,"B4",5,8.5,11.9,60,56,29,2642.07942166902,"B4",5,8.5,14.5,66,58,31,3019.07054009979,2.6,0,376.991118430775
"339",587,"B4",4,3,9.7,34,29,15.75,779.311327631118,"B4",4,6,13.1,39,29,17,907.92027688745,3.4,3,128.608949256332
"340",588,"B4",4,4,12,55,43,24.5,1885.74099031727,"B4",4,7,13.5,47,47,23.5,1734.94454294496,1.5,3,0
"341",589,"B4",4,6.5,11.8,49,43,23,1661.902513749,"B4",4,7.8,18,43,49,23,1661.902513749,6.2,1.3,0
"342",590,"B4",4,5.5,11.8,38,37,18.75,1104.46616727766,"B4",4,9,13.8,59,43,25.5,2042.82062299676,2,3.5,938.354455719101
"343",591,"B4",4,5,9.9,45,40,21.25,1418.62543263664,"B4",4,7.5,10.5,54,43,24.25,1847.45282985165,0.6,2.5,428.827397215007
"344",592,"B4",4,3.5,11.2,38,35,18.25,1046.34670318625,"B4",4,5,14.2,32,30,15.5,754.767635024948,3,1.5,0
"345",593,"B4",4,5,11,45,43,22,1520.53084433746,"B4",4,12,16.5,45,43,22,1520.53084433746,5.5,7,0
"346",594,"B4",4,6.5,11.7,47,34,20.25,1288.24933751266,"B4",4,7.5,17.5,44,45,22.25,1555.2847130678,5.8,1,267.035375555132
"347",594,"B4",4,6.5,11.7,47,34,20.25,1288.24933751266,"B4",4,7.8,15.2,48,37,21.25,1418.62543263664,3.5,1.3,130.376095123976
"348",595,"B4",4,4.5,10.9,52,48,25,1963.49540849362,"B4",4,8.3,12,54.5,55,27.375,2354.28008216906,1.1,3.8,390.784673675443
"349",596,"B4",4,6,9.4,47,45,23,1661.902513749,"B4",4,8,10.2,46,47,23.25,1698.22717880613,0.799999999999999,2,36.3246650571321
"350",597,"B4",4,3.5,7.7,42,39,20.25,1288.24933751266,"B4",4,6,17.3,42,43,21.25,1418.62543263664,9.6,2.5,130.376095123976
"351",599,"B4",4,4.3,11.1,47,42,22.25,1555.2847130678,"B4",4,6,16.1,44,47,22.75,1625.97054777357,5,1.7,70.6858347057703
"352",600,"B4",4,2.5,11.5,52,43,23.75,1772.05460616549,"B4",4,8,11.6,45,38,20.75,1352.65198691126,0.0999999999999996,5.5,0
"353",601,"B4",4,4.3,10,35,30,16.25,829.576810088555,"B4",4,4.3,14.7,30,40.5,17.625,975.906305406542,4.7,0,146.329495317987
"354",602,"B4",4,7.5,12,53,49,25.5,2042.82062299676,"B4",4,8.5,9.9,50,53,25.75,2083.07227887088,0,1,40.2516558741193
"355",603,"B4",4,5.5,11.2,51,37,22,1520.53084433746,"B4",4,5.5,10.4,66,40,26.5,2206.18344098343,0,0,685.652596645972
"356",604,"B4",4,7,15.2,59,44,25.75,2083.07227887088,"B4",4,12.5,13.4,70,73,35.75,4015.1517608286,0,5.5,1932.07948195772
"357",605,"B4",4,4.5,12.4,40,39,19.75,1225.41748444087,"B4",4,7.3,14,54.5,39,23.375,1716.53677349034,1.6,2.8,491.119289049467
"358",606,"B4",4,7.5,11.7,57,55,28,2463.0086404144,"B4",4,7,14.9,60,55,28.75,2596.72267773281,3.2,0,133.714037318416
"359",607,"B4",4,3.5,9.1,44,33,19.25,1164.15642769587,"B4",4,3.5,9.4,45,35,20,1256.63706143592,0.300000000000001,0,92.4806337400496
"360",608,"B4",4,5.5,8.4,43,47,22.5,1590.43128087983,"B4",4,8.3,16.9,67,51,29.5,2733.97100678652,8.5,2.8,1143.53972590668
"361",609,"B4",4,7,11.3,49,47,24,1809.55736846772,"B4",4,14.5,12.5,56,50,26.5,2206.18344098343,1.2,7.5,396.626072515711
"362",610,"B4",3,3.5,5.7,36,28,16,804.247719318987,"B4",3,7.7,9.1,52,47,24.75,1924.4218498646,3.4,4.2,1120.17413054561
"363",611,"B4",3,3,6.3,39,27,16.5,855.298599939821,"B4",3,6,10.2,44,34.5,19.625,1209.95495809898,3.9,3,354.65635815916
"364",612,"B4",3,2,7.9,35,32,16.75,881.413088872786,"B4",3,5,9.7,51,40,22.75,1625.97054777357,1.8,3,744.557458900781
"365",613,"B4",3,6.5,7.6,40,39,19.75,1225.41748444087,"B4",3,10.5,11,49,45,23.5,1734.94454294496,3.4,4,509.527058504095
"366",614,"B4",3,3.3,6.9,31,27,14.5,660.519855417254,"B4",3,3.8,9.4,46,43.5,22.375,1572.8089095886,2.5,0.5,912.289054171349
"367",615,"B4",3,4.5,8.2,37,35,18,1017.87601976309,"B4",3,6.5,11.1,36,38,18.5,1075.21008569111,2.9,2,57.3340659280138
"368",616,"B4",3,5.3,9.7,38,37,18.75,1104.46616727766,"B4",3,5.5,11.6,41,29,17.5,962.112750161874,1.9,0.2,0
"369",617,"B4",3,3.5,10.7,47,40,21.75,1486.16967468882,"B4",3,8,16.8,49,55.5,26.125,2144.18607346025,6.1,4.5,658.016398771425
"370",618,"B4",3,4,8.5,35,34,17.25,934.820163983813,"B4",3,7,7.9,37.5,35.5,18.25,1046.34670318625,0,3,111.526539202438
"371",619,"B4",3,3.5,8,40,34,18.5,1075.21008569111,"B4",3,7.5,11,51,49,25,1963.49540849362,3,4,888.285322802514
"372",620,"B4",3,4.7,7.6,42,40,20.5,1320.25431267111,"B4",3,8,9.1,58,44,25.5,2042.82062299676,1.5,3.3,722.566310325652
"373",622,"B4",3,3.5,7.8,36,26,15.5,754.767635024948,"B4",3,5.3,8.3,35,28.5,15.875,791.73043608984,0.500000000000001,1.8,36.9628010648923
"374",623,"B4",3,3.5,8.9,33,23,14,615.752160103599,"B4",3,6.5,10.7,33.5,31,16.125,816.863177318559,1.8,3,201.111017214959
"375",624,"B4",3,3.5,5.9,39,20,14.75,683.492751696629,"B4",3,7.5,7.7,40,38,19.5,1194.59060652752,1.8,4,511.097854830889
"376",625,"B4",3,4.5,9,41,30,17.75,989.798035421634,"B4",3,7.5,9.3,36.5,35,17.875,1003.78794020715,0.300000000000001,3,13.9899047855171
"377",626,"B4",3,4,7.1,36,35,17.75,989.798035421634,"B4",3,7.3,8.2,53.5,44,24.375,1866.54782269925,1.1,3.3,876.749787277614
"378",627,"B4",3,5.5,7.9,34,33,16.75,881.413088872786,"B4",3,8.7,10.6,42,40,20.5,1320.25431267111,2.7,3.2,438.841223798324
"379",628,"B4",3,3.5,7.4,28,19,11.75,433.736135736241,"B4",3,7.3,9,45,30.5,18.875,1119.24147022658,1.6,3.8,685.505334490335
"380",629,"B4",3,2,5.7,19,18,9.25,268.802521422777,"B4",3,2,8.4,26,22,12,452.38934211693,2.7,0,183.586820694154
"381",630,"B4",3,4.5,5.9,38,37,18.75,1104.46616727766,"B4",3,5.2,9.4,54,47,25.25,2002.96166620434,3.5,0.7,898.495498926681
"382",631,"B4",3,3.5,6.6,30,24,13.5,572.55526111674,"B4",3,5.8,7.1,35,31,16.5,855.298599939821,0.5,2.3,282.743338823081
"383",632,"B4",3,3,6.1,28,25,13.25,551.545860245858,"B4",3,4,7.6,36,34,17.5,962.112750161874,1.5,1,410.566889916016
"384",633,"B4",1,2,8.4,31,27,14.5,660.519855417254,"B4",1,5.5,10.4,51,50,25.25,2002.96166620434,2,3.5,1342.44181078709
"385",634,"B4",1,4,12.3,36,30,16.5,855.298599939821,"B4",1,5,11.7,43,42,21.25,1418.62543263664,0,1,563.32683269682
"386",635,"B4",1,3.5,7.7,38,30,17,907.92027688745,"B4",1,4,12,55,47.5,25.625,2062.89736354861,4.3,0.5,1154.97708666116
"387",636,"B4",1,5,9,34,33,16.75,881.413088872786,"B4",1,8,11.1,49,46,23.75,1772.05460616549,2.1,3,890.641517292706
"388",636,"B4",1,3.5,8.4,30,25,13.75,593.95736106932,"B4",1,8,11.1,49,46,23.75,1772.05460616549,2.7,4.5,1178.09724509617
"389",637,"B4",1,3,5.4,30,27,14.25,637.939658219577,"B4",1,5.5,9.9,44,35,19.75,1225.41748444087,4.5,2.5,587.477826221291
"390",638,"B4",1,4.5,6.5,34,33,16.75,881.413088872786,"B4",1,7.5,10.5,54,47,25.25,2002.96166620434,4,3,1121.54857733156
"391",639,"B4",1,4.5,10,36,35,17.75,989.798035421634,"B4",1,8.3,10.4,53,52,26.25,2164.75368786422,0.4,3.8,1174.95565244258
"392",640,"B4",1,3,8.3,31,25,14,615.752160103599,"B4",1,6.4,12.8,47,36,20.75,1352.65198691126,4.5,3.4,736.899826807656
"393",641,"B4",1,4,11.7,34,33,16.75,881.413088872786,"B4",1,9,11.7,50,45,23.75,1772.05460616549,0,5,890.641517292706
"394",642,"B4",1,5,5.8,26,22,12,452.38934211693,"B4",1,4.5,9.8,40,39,19.75,1225.41748444087,4,0,773.028142323938
"395",643,"B4",1,3.5,6.8,30,29,14.75,683.492751696629,"B4",1,5.7,10.6,48,37,21.25,1418.62543263664,3.8,2.2,735.132680940011
"396",644,"B4",1,2,5.5,22,21,10.75,363.05030103047,"B4",1,4,7.7,41,33,18.5,1075.21008569111,2.2,2,712.159784660636
"397",645,"B4",1,2,6.8,33,25,14.5,660.519855417254,"B4",1,5,10.4,39,32,17.75,989.798035421634,3.6,3,329.27818000438
"398",646,"B4",1,4.5,6.9,34,30,16,804.247719318987,"B4",1,9,11,62,53,28.75,2596.72267773281,4.1,4.5,1792.47495841383
"399",647,"B4",1,4.5,10.5,42,34,19,1134.11494794592,"B4",1,9,12.4,56,49,26.25,2164.75368786422,1.9,4.5,1030.6387399183
"400",648,"B4",1,3.5,9.5,49,45,23.5,1734.94454294496,"B4",1,6.5,13.8,56,55,27.75,2419.22269280499,4.3,3,684.278149860027
"401",649,"B5",6,6.5,9.9,44,44,22,1520.53084433746,"B5",6,10.5,12.4,63,51,28.5,2551.75863287831,2.5,4,1031.22778854085
"402",650,"B5",6,6.5,10.9,54,40,23.5,1734.94454294496,"B5",6,7.5,13.9,71,59,32.5,3318.30724035422,3,1,1583.36269740926
"403",651,"B5",6,4,12.4,42,32,18.5,1075.21008569111,"B5",6,11,10.5,63,54,29.25,2687.82886468692,0,7,1612.61877899581
"404",652,"B5",6,4.5,10,44,37,20.25,1288.24933751266,"B5",6,6.5,10.7,45,36,20.25,1288.24933751266,0.699999999999999,2,0
"405",653,"B5",6,4,8.3,37,30,16.75,881.413088872786,"B5",6,18,13.4,35,23.5,14.625,671.957216171729,5.1,14,0
"406",655,"B5",6,4.5,10,44,34,19.5,1194.59060652752,"B5",6,9,12.4,59,57,29,2642.07942166902,2.4,4.5,1447.4888151415
"407",656,"B5",6,1.7,5.1,18,18,9,254.469004940773,"B5",6,3.7,5.6,14.5,12,6.625,137.886465061465,0.5,2,0
"408",657,"B5",6,4,11.3,44,43,21.75,1486.16967468882,"B5",6,10.5,10.2,36,35,17.75,989.798035421634,0,6.5,0
"409",658,"B5",6,4.5,9.3,30,29,14.75,683.492751696629,"B5",6,6.5,10.1,36,34,17.5,962.112750161874,0.799999999999999,2,278.619998465245
"410",659,"B5",6,4.5,10.6,57,53,27.5,2375.82944427728,"B5",6,6.5,12.9,70,59,32.25,3267.45270927423,2.3,2,891.623264996953
"411",660,"B5",6,7.5,11.3,54,44,24.5,1885.74099031727,"B5",6,11.5,11.3,75,52,31.75,3166.92174435936,0,4,1281.18075404209
"412",661,"B5",6,4,10.6,41,40,20.25,1288.24933751266,"B5",6,12.2,14,53,38,22.75,1625.97054777357,3.4,8.2,337.721210260903
"413",662,"B5",6,7.3,16.4,66,47,28.25,2507.1872871055,"B5",6,11.5,14.3,79,68,36.75,4242.91722821387,0,4.2,1735.72994110836
"414",663,"B5",6,5.5,13,70,46,29,2642.07942166902,"B5",6,12.5,13,60,59,29.75,2780.50584796782,0,7,138.4264262988
"415",664,"B5",6,6,9.7,42,40,20.5,1320.25431267111,"B5",4,10.7,9.8,58,56,28.5,2551.75863287831,0.100000000000001,4.7,1231.5043202072
"416",664,"B5",6,6,9.7,42,40,20.5,1320.25431267111,"B5",6,13,10.7,64,42,26.5,2206.18344098343,1,7,885.929128312322
"417",665,"B5",6,4.5,10.3,46,37,20.75,1352.65198691126,"B5",4,8.2,11.7,64,55,29.75,2780.50584796782,1.4,3.7,1427.85386105656
"418",665,"B5",6,4.5,10.3,46,37,20.75,1352.65198691126,"B5",6,7.5,14.5,63,51,28.5,2551.75863287831,4.2,3,1199.10664596705
"419",666,"B5",6,7.5,17.3,43,36,19.75,1225.41748444087,"B5",6,8.5,13.6,45,43,22,1520.53084433746,0,1,295.113359896591
"420",667,"B5",5,8,12,68,61,32.25,3267.45270927423,"B5",5,14.5,11.3,89,59,37,4300.84034276443,0,6.5,1033.38763349019
"421",668,"B5",5,3,6.5,27,24,12.75,510.705155749191,"B5",5,8.7,11.2,34,34,17,907.92027688745,4.7,5.7,397.215121138259
"422",669,"B5",5,6.5,13.2,57,44,25.25,2002.96166620434,"B5",5,14.5,13.3,90,79,42.25,5607.93923619863,0.100000000000001,8,3604.97756999429
"423",670,"B5",5,8,13.5,54,44,24.5,1885.74099031727,"B5",5,12,12.2,75,67,35.5,3959.19214168654,0,4,2073.45115136926
"424",671,"B5",5,6.5,8.8,44,32,19,1134.11494794592,"B5",5,7.3,9.2,62,56,29.5,2733.97100678652,0.399999999999999,0.8,1599.8560588406
"425",672,"B5",5,6,11,50,36,21.5,1452.20120412188,"B5",5,12.2,14.5,62,40,25.5,2042.82062299676,3.5,6.2,590.619418874881
"426",673,"B5",5,5,10.5,44,43,21.75,1486.16967468882,"B5",5,8.8,10.7,66,56,30.5,2922.4665660019,0.199999999999999,3.8,1436.29689131308
"427",674,"B5",5,9,14.2,62,47,27.25,2332.82889483127,"B5",5,14,13.2,65,58,30.75,2970.57220351,0,5,637.743308678728
"428",675,"B5",5,4.5,11.7,39,34,18.25,1046.34670318625,"B5",5,14.5,13.6,68,63,32.75,3369.5544705159,1.9,10,2323.20776732965
"429",676,"B5",5,3,10.1,47,39,21.5,1452.20120412188,"B5",5,7,20.9,46,46,23,1661.902513749,10.8,4,209.701309627119
"430",677,"B5",5,4,10.3,47,43,22.5,1590.43128087983,"B5",5,13,11.6,63,56,29.75,2780.50584796782,1.3,9,1190.07456708798
"431",678,"B5",5,5,13.2,50,49,24.75,1924.4218498646,"B5",5,12,14.5,66,64,32.5,3318.30724035422,1.3,7,1393.88539048962
"432",679,"B5",5,8,11.2,59,49,27,2290.22104446696,"B5",5,14,12.1,76,59,33.75,3578.47038197962,0.9,6,1288.24933751266
"433",680,"B5",5,7.5,12,60,44,26,2123.7166338267,"B5",5,15,12.1,73,65,34.5,3739.28065593525,0.0999999999999996,7.5,1615.56402210855
"434",681,"B5",5,5,10.4,48,47,23.75,1772.05460616549,"B5",5,10.5,12.2,56,52,27,2290.22104446696,1.8,5.5,518.166438301466
"435",682,"B5",5,3,12.4,64,36,25,1963.49540849362,"B5",5,10.5,11.8,67,55,30.5,2922.4665660019,0,7.5,958.971157508284
"436",683,"B5",5,4,14.7,53,52,26.25,2164.75368786422,"B5",5,10,13.4,56,60,29,2642.07942166902,0,6,477.325733804799
"437",684,"B5",5,2.5,9.7,41,25,16.5,855.298599939821,"B5",5,10.8,10.2,36,34,17.5,962.112750161874,0.5,8.3,106.814150222053
"438",685,"B5",5,4.2,10.6,41,26,16.75,881.413088872786,"B5",5,11,11.6,42,38,20,1256.63706143592,1,6.8,375.223972563131
"439",686,"B5",5,2.5,4.8,10,7,4.25,56.7450173054656,"B5",5,2.5,5.5,23,18,10.25,330.063578167778,0.7,0,273.318560862312
"440",687,"B5",1,3,7.7,35,33,17,907.92027688745,"B5",1,5,9.2,52,41,23.25,1698.22717880613,1.5,2,790.306901918682
"441",688,"B5",1,3,7.4,25,19,11,380.132711084365,"B5",1,4.2,9.1,49,44,23.25,1698.22717880613,1.7,1.2,1318.09446772177
"442",689,"B5",1,4,7.8,45,43,22,1520.53084433746,"B5",1,10,8.1,48.5,54,25.625,2062.89736354861,0.3,6,542.36651921115
"443",690,"B5",1,5.6,10.8,52,51,25.75,2083.07227887088,"B5",1,11.5,12.6,72,73,36.25,4128.24909635784,1.8,5.9,2045.17681748696
"444",690,"B5",1,5.5,10.9,52,36,22,1520.53084433746,"B5",1,11.5,12.6,72,73,36.25,4128.24909635784,1.7,6,2607.71825202038
"445",691,"B5",1,3.5,8.3,40,29,17.25,934.820163983813,"B5",1,6.5,11.5,46,41,21.75,1486.16967468882,3.2,3,551.349510705009
"446",692,"B5",1,4,8.1,38,30,17,907.92027688745,"B5",1,8,11.2,41,56,24.25,1847.45282985165,3.1,4,939.532552964198
"447",693,"B5",1,2,5,14,13,6.75,143.138815279185,"B5",1,3.5,5.8,20,21,10.25,330.063578167778,0.8,1.5,186.924762888593
"448",694,"B5",1,2.5,9.9,19,18,9.25,268.802521422777,"B5",1,9,13.1,63,66,32.25,3267.45270927423,3.2,6.5,2998.65018785146
"449",695,"B5",1,3,10.8,40,37,19.25,1164.15642769587,"B5",1,8.5,11.8,56,60,29,2642.07942166902,1,5.5,1477.92299397315
"450",696,"B5",1,4.5,7,43,30,18.25,1046.34670318625,"B5",1,9.3,9.6,53,61,28.5,2551.75863287831,2.6,4.8,1505.41192969206
"451",697,"B5",1,5.5,11.1,50,49,24.75,1924.4218498646,"B5",1,14,12.3,66,57,30.75,2970.57220351,1.2,8.5,1046.1503536454
"452",698,"B5",1,5.5,13.3,57,52,27.25,2332.82889483127,"B5",1,10.5,14.3,82,52,33.5,3525.65235549115,1,5,1192.82346065987
"453",698,"B5",1,5.5,13.3,57,52,27.25,2332.82889483127,"B5",1,12.5,11.6,68,63,32.75,3369.5544705159,0,7,1036.72557568463
"454",699,"B5",1,4.5,10.2,32,31,15.75,779.311327631118,"B5",1,8.7,10.9,40,39,19.75,1225.41748444087,0.700000000000001,4.2,446.106156809751
"455",700,"B5",1,2.5,3.9,18,15,8.25,213.824649984955,"B5",1,4.2,5.5,36,41,19.25,1164.15642769587,1.6,1.7,950.331777710912
"456",701,"B5",1,5,11.5,52,50,25.5,2042.82062299676,"B5",1,10,12.1,68,49,29.25,2687.82886468692,0.6,5,645.008241690154
"457",702,"B5",1,4.5,8.9,40,34,18.5,1075.21008569111,"B5",1,8.5,10.2,52,44,24,1809.55736846772,1.3,4,734.347282776614
"458",703,"B5",1,2,5.3,30,25,13.75,593.95736106932,"B5",1,2,7.4,47,29,19,1134.11494794592,2.1,0,540.157586876595
"459",704,"B5",1,3.3,9.3,30,28,14.5,660.519855417254,"B5",1,8.2,10.2,48.5,54.5,25.75,2083.07227887088,0.899999999999999,4.9,1422.55242345363
"460",705,"B5",1,2,8.7,35,32,16.75,881.413088872786,"B5",1,5.5,12.5,49,54,25.75,2083.07227887088,3.8,3.5,1201.6591899981
"461",706,"B5",1,3.5,9.8,41,30,17.75,989.798035421634,"B5",1,9.5,12.1,48,57,26.25,2164.75368786422,2.3,6,1174.95565244258
"462",707,"B5",1,2.5,8.2,32,29,15.25,730.616641500476,"B5",1,8.5,8.3,38,42.5,20.125,1272.39411208908,0.100000000000001,6,541.777470588602
"463",708,"B5",1,2.5,7.7,27,22,12.25,471.435247579318,"B5",1,7.5,8.7,46,39,21.25,1418.62543263664,0.999999999999999,5,947.190185057323
"464",710,"B5",3,1.5,3.4,11,6,4.25,56.7450173054656,"B5",3,4.2,3.5,18.5,17,8.875,247.449508855409,0.1,2.7,190.704491549943
"465",711,"B5",3,2,5.9,29,28,14.25,637.939658219577,"B5",3,4.5,8.5,41,38,19.75,1225.41748444087,2.6,2.5,587.477826221291
"466",712,"B5",3,4.5,8.3,27,23,12.5,490.873852123405,"B5",3,6.5,8,40,38,19.5,1194.59060652752,0,2,703.716754404114
"467",713,"B5",3,1,4.2,11,10,5.25,86.5901475145687,"B5",3,2.3,5.3,26,18,11,380.132711084365,1.1,1.3,293.542563569796
"468",714,"B5",3,2,4,16,11,6.75,143.138815279185,"B5",3,2.5,5.5,21,20,10.25,330.063578167778,1.5,0.5,186.924762888593
"469",715,"B5",3,2.5,5.5,29,28,14.25,637.939658219577,"B5",3,6,13,56,14,17.5,962.112750161874,7.5,3.5,324.173091942297
"470",717,"B5",3,1,7.4,27,17,11,380.132711084365,"B5",3,2,6.5,35,16,12.75,510.705155749191,0,1,130.572444664826
"471",718,"B5",3,1.5,4.1,20,15,8.75,240.528187540469,"B5",3,5,6.9,42,33,18.75,1104.46616727766,2.8,3.5,863.937979737193
"472",719,"B5",3,3,5.5,25,21,11.5,415.47562843725,"B5",3,6.5,7.5,49,44,23.25,1698.22717880613,2,3.5,1282.75155036888
"473",720,"B5",3,4,6.1,37,27,16,804.247719318987,"B5",3,7.7,10.5,52,46,24.5,1885.74099031727,4.4,3.7,1081.49327099829
"474",721,"B5",3,3,6,30,24,13.5,572.55526111674,"B5",3,6,8,47,32,19.75,1225.41748444087,2,3,652.862223324129
"475",722,"B5",3,2.7,2.7,16,12,7,153.9380400259,"B5",3,4.5,4.5,29.5,22,12.875,520.768069717721,1.8,1.8,366.830029691821
"476",723,"B5",3,3,5.5,25,21,11.5,415.47562843725,"B5",3,4.7,5.7,33,32,16.25,829.576810088555,0.2,1.7,414.101181651305
"477",724,"B5",3,1,6.8,12,10,5.5,95.0331777710912,"B5",3,4.2,5.1,22,21,10.75,363.05030103047,0,3.2,268.017123259379
"478",725,"B5",3,3,4.1,21,19,10,314.159265358979,"B5",3,5.2,6.4,39,36,18.75,1104.46616727766,2.3,2.2,790.306901918682
"479",726,"B5",3,3.3,5.7,33,32,16.25,829.576810088555,"B5",3,7,11.1,48,47,23.75,1772.05460616549,5.4,3.7,942.477796076938
"480",727,"B5",3,3.3,4.8,26,25,12.75,510.705155749191,"B5",3,7.5,7.7,48,45,23.25,1698.22717880613,2.9,4.2,1187.52202305694
"481",728,"B5",3,1,2.7,15,13,7,153.9380400259,"B5",3,2,5.4,22,21,10.75,363.05030103047,2.7,1,209.112261004571
"482",729,"B5",3,1.5,7.1,27,20,11.75,433.736135736241,"B5",3,3.8,10.3,29,26,13.75,593.95736106932,3.2,2.3,160.221225333079
"483",730,"B5",3,3.7,7.2,30,25,13.75,593.95736106932,"B5",3,4.5,9.4,46,42,22,1520.53084433746,2.2,0.8,926.57348326814
"484",731,"B5",3,3.2,3.8,17,16,8.25,213.824649984955,"B5",3,4.8,6.8,28,21,12.25,471.435247579318,3,1.6,257.610597594363
"485",732,"B5",3,2.7,5.3,24,22,11.5,415.47562843725,"B5",3,6.3,8.2,44,39,20.75,1352.65198691126,2.9,3.6,937.176358474005
"486",733,"B5",2,1.5,3.1,13,13,6.5,132.732289614169,"B5",2,3.5,4.7,23,23,11.5,415.47562843725,1.6,2,282.743338823081
"487",734,"B5",7,4,9.9,34,36,17.5,962.112750161874,"B5",2,7.4,10.4,52,45,24.25,1847.45282985165,0.5,3.4,885.340079689774
"488",735,"B5",7,5,10.4,42,31,18.25,1046.34670318625,"B5",2,7.5,10.5,43,39,20.5,1320.25431267111,0.0999999999999996,2.5,273.90760948486
"489",737,"B5",7,3.7,9.5,30,28,14.5,660.519855417254,"B5",2,4,9.3,24,23,11.75,433.736135736241,0,0.3,0
"490",738,"B5",7,4.3,6.6,34,33,16.75,881.413088872786,"B5",2,8.5,8.8,58,52,27.5,2375.82944427728,2.2,4.2,1494.41635540449
"491",739,"B5",7,1,4.8,10,10,5,78.5398163397448,"B5",2,1,6.2,19,16,8.75,240.528187540469,1.4,0,161.988371200724
"492",740,"B5",7,4,9.8,35,30,16.25,829.576810088555,"B5",2,6.5,10.4,64,37,25.25,2002.96166620434,0.6,2.5,1173.38485611579
"493",741,"B5",7,7,13.8,65,58,30.75,2970.57220351,"B5",2,15,12.9,63,59,30.5,2922.4665660019,0,8,0
"494",742,"B5",2,2,5.7,32,20,13,530.929158456675,"B5",2,3.5,6.7,22,21,10.75,363.05030103047,1,1.5,0
"495",743,"B5",7,5.5,9.5,50,49,24.75,1924.4218498646,"B5",2,7.5,12.6,56,55,27.75,2419.22269280499,3.1,2,494.800842940392
"496",744,"B5",7,2.5,5,20,17,9.25,268.802521422777,"B5",2,5,6.4,24,20,11,380.132711084365,1.4,2.5,111.330189661588
"497",745,"B5",2,3.7,5.5,30,26,14,615.752160103599,"B5",2,5,8.5,46,35,20.25,1288.24933751266,3,1.3,672.497177409065
"498",746,"B5",7,5,9.5,43,32,18.75,1104.46616727766,"B5",2,9,12,67,62,32.25,3267.45270927423,2.5,4,2162.98654199657
"499",747,"B5",7,3.5,8.9,49,40,22.25,1555.2847130678,"B5",2,9.7,11.6,68,64,33,3421.19439975928,2.7,6.2,1865.90968669149
"500",748,"B5",7,3,6.9,32,30,15.5,754.767635024948,"B5",7,8.5,8.1,40,39,19.75,1225.41748444087,1.2,5.5,470.649849415921
"501",749,"B5",7,4,8.2,36,34,17.5,962.112750161874,"B5",7,4,8.6,67,48,28.75,2596.72267773281,0.4,0,1634.60992757094
"502",750,"B5",7,2.5,8.6,28,27,13.75,593.95736106932,"B5",7,2.5,8.5,40,40,20,1256.63706143592,0,0,662.679700366597
"503",751,"B5",7,5,11.1,60,48,27,2290.22104446696,"B5",7,10.5,11.6,75,60,33.75,3578.47038197962,0.5,5.5,1288.24933751266
"504",752,"B5",7,4,9.5,60,47,26.75,2248.00589318435,"B5",7,10.5,12.8,90,72,40.5,5152.99735005066,3.3,6.5,2904.99145686631
"505",753,"B5",7,4.5,8.4,45,35,20,1256.63706143592,"B5",7,8.5,11.2,64,57,30.25,2874.75362757551,2.8,4,1618.11656613959
"506",754,"B5",7,6,13.7,47,43,22.5,1590.43128087983,"B5",7,6,11.5,65,47,28,2463.0086404144,0,0,872.577359534565
"507",755,"B5",7,1,1.8,14,12,6.5,132.732289614169,"B5",7,2.5,4.2,18,19,9.25,268.802521422777,2.4,1.5,136.070231808608
"508",756,"B5",7,7.3,13.7,55,50,26.25,2164.75368786422,"B5",7,12.5,14,76,73,37.25,4359.15615639669,0.300000000000001,5.2,2194.40246853247
"509",757,"B5",7,3.5,8.5,49,42,22.75,1625.97054777357,"B5",7,11,9.8,62,59,30.25,2874.75362757551,1.3,7.5,1248.78307980194
"510",758,"B5",7,3.5,7.1,48,25,18.25,1046.34670318625,"B5",7,6.5,9.9,56,53,27.25,2332.82889483127,2.8,3,1286.48219164502
"511",759,"B5",7,6,8.5,48,46,23.5,1734.94454294496,"B5",7,11.5,12.3,60,59,29.75,2780.50584796782,3.8,5.5,1045.56130502285
"512",760,"B5",7,3,5.3,23,22,11.25,397.607820219958,"B5",7,4,7.6,37,35,18,1017.87601976309,2.3,1,620.268199543135
"513",761,"B5",7,1.5,6.2,33,29,15.5,754.767635024948,"B5",7,7.5,19,30,27,14.25,637.939658219577,12.8,6,0
"514",762,"B5",7,4,8.3,44,41,21.25,1418.62543263664,"B5",7,8,10,67,46,28.25,2507.1872871055,1.7,4,1088.56185446886
"515",763,"B5",7,2.5,4.9,24,23,11.75,433.736135736241,"B5",7,7,7,3.7,3.3,1.75,9.62112750161874,2.1,4.5,0
"516",766,"B5",4,3.5,7.9,48,43,22.75,1625.97054777357,"B5",4,9,11.6,56,43,24.75,1924.4218498646,3.7,5.5,298.45130209103
"517",767,"B5",4,3,9.5,48,39,21.75,1486.16967468882,"B5",4,11,12.6,62,56,29.5,2733.97100678652,3.1,8,1247.8013320977
"518",768,"B5",4,3.5,9.2,34.5,33,16.875,894.617595494906,"B5",4,10,11.3,60,46,26.5,2206.18344098343,2.1,6.5,1311.56584548853
"519",769,"B5",4,3.5,9.1,45,42,21.75,1486.16967468882,"B5",4,11.5,11.8,60,41,25.25,2002.96166620434,2.7,8,516.791991515521
"520",770,"B5",4,4.5,7.6,36,35,17.75,989.798035421634,"B5",4,8.2,10.2,54,51,26.25,2164.75368786422,2.6,3.7,1174.95565244258
"521",771,"B5",4,3.5,6.9,33,32,16.25,829.576810088555,"B5",4,8.5,9.1,60,46,26.5,2206.18344098343,2.2,5,1376.60663089488
"522",772,"B5",4,5,8,42,40,20.5,1320.25431267111,"B5",4,10,10.7,55,45,25,1963.49540849362,2.7,5,643.24109582251
"523",773,"B5",4,4.5,7.5,42,35,19.25,1164.15642769587,"B5",4,8.5,8.35,42,41,20.75,1352.65198691126,0.85,4,188.495559215388
"524",774,"B5",4,4.5,8.5,43,33,19,1134.11494794592,"B5",4,7.5,5.4,44,38,20.5,1320.25431267111,0,3,186.139364725195
"525",775,"B5",4,9.8,9.5,48.5,40,22.125,1537.85869131742,"B5",4,10,11.2,86,68,38.5,4656.62571078347,1.7,0.199999999999999,3118.76701946605
"526",776,"B5",4,3.5,8.6,39,33,18,1017.87601976309,"B5",4,6.5,11.7,76,60,34,3631.6811075498,3.1,3,2613.80508778671
"527",777,"B5",4,3,9,31,28,14.75,683.492751696629,"B5",4,7,8.6,46.5,41,21.875,1503.30117212793,0,4,819.808420431299
"528",778,"B5",4,4.2,10.7,47.5,47,23.625,1753.45048717002,"B5",4,10.5,10.4,54.5,47,25.375,2022.84205721534,0,6.3,269.391570045325
"529",779,"B5",4,4.7,9.2,37,36.5,18.375,1060.72930705347,"B5",4,11,11.2,54,38,23,1661.902513749,2,6.3,601.173206695534
"530",780,"B5",4,4.5,8.9,46,34,20,1256.63706143592,"B5",4,11,12,59,48,26.75,2248.00589318435,3.1,6.5,991.368831748429
"531",781,"B5",4,4.7,6.8,39,32.5,17.875,1003.78794020715,"B5",4,6.7,10,45,43.5,22.125,1537.85869131742,3.2,2,534.070751110265
"532",782,"B5",4,3,8.8,32,30,15.5,754.767635024948,"B5",4,6,8.8,60,38,24.5,1885.74099031727,0,3,1130.97335529233
"533",783,"B5",4,5.6,7.6,49,41,22.5,1590.43128087983,"B5",4,10.4,9,50,44,23.5,1734.94454294496,1.4,4.8,144.513262065131
"534",784,"B5",4,3.2,7.5,31,30,15.25,730.616641500476,"B5",4,8.3,9.4,51,42,23.25,1698.22717880613,1.9,5.1,967.610537305656
"535",785,"B5",4,3.5,8.8,35,20,13.75,593.95736106932,"B5",4,7.5,9.8,48,36,21,1385.4423602331,1,4,791.484999163778
"536",915,"B3",1,7,11.3,55,53,27,2290.22104446696,"B3",1,8.5,12.7,58,56,28.5,2551.75863287831,1.4,1.5,261.53758841135
"537",950,"B3",2,5.3,11.2,59,48,26.75,2248.00589318435,"B3",2,10.5,10.8,72,53,31.25,3067.96157577128,0,5.2,819.955682586936
