"","Individuo","Bloque.x.x","Tratamiento.x.x","df.tallo.12","df.alt.12","df.cob.12","Bloque.x.y","Tratamiento.x.y","df.tallo.23","df.alt.23","df.cob.23","Bloque.x","Tratamiento.x","df.tallo.13","df.alt.13","df.cob.13"
"1",219,"B2",1,3.7,2.3,1209.51317163207,"B2",1,0,4.7,980.176907920016,"B2",1,3.3,7,2189.69007955209
"2",220,"B2",1,2.1,0,180.641577581413,"B2",1,0,0.8,0,"B2",1,0,0,141.371669411541
"3",221,"B2",1,1.4,0.3,207.345115136926,"B2",1,0.800000000000001,5.3,2723.1717820398,"B2",1,2.2,5.6,2930.51689717673
"4",222,"B2",1,1.6,0.8,245.633275602552,"B2",1,1.1,2.5,376.991118430775,"B2",1,2.7,3.3,622.624394033327
"5",223,"B2",1,1.1,1,592.926525979861,"B2",1,2.3,4.5,218.53703896534,"B2",1,3.4,5.5,811.463564945201
"6",224,"B2",1,2.8,2,0,"B2",1,0,0,141.371669411541,"B2",1,1.3,0,73.8274273593602
"7",225,"B2",1,3.6,3,0,"B2",1,0,0,1499.86505516306,"B2",1,3,3,849.211764173491
"8",226,"B2",1,1.7,2,181.426975744811,"B2",1,1.2,5.8,2164.55733832337,"B2",1,2.9,7.8,2345.98431406818
"9",227,"B2",1,3.1,0.9,1512.08781408094,"B2",1,2.9,5.8,1366.59280431156,"B2",1,6,6.7,2878.6806183925
"10",228,"B2",1,9.3,1.5,768.708452425252,"B2",1,0,3.5,1054.98608298362,"B2",1,7.5,5,1823.69453540887
"11",230,"B2",1,0,3.5,1358.54247313674,"B2",1,4.2,5.5,0,"B2",1,4,9,878.713282686108
"12",231,"B2",1,0.5,0.7,510.508806208341,"B2",1,2,0.8,846.659220142449,"B2",1,2.5,1.5,1357.16802635079
"13",233,"B2",1,0.800000000000001,1.5,1272.34502470387,"B2",1,0.300000000000001,0,684.867198482575,"B2",1,1.1,1,1957.21222318644
"14",235,"B2",1,2.1,2.8,1102.69902141002,"B2",1,1,2.2,832.522053201295,"B2",1,3.1,5,1935.22107461131
"15",236,"B2",1,1.7,0.7,118.447860517378,"B2",1,0.8,2.8,354.165484307037,"B2",1,2.5,3.5,472.613344824414
"16",239,"B2",1,0,6.2,560.921550821415,"B2",1,1.6,0,1154.53530019425,"B2",1,1.3,5.2,1715.45685101566
"17",240,"B2",6,0.199999999999999,2.8,1457.89534080651,"B2",6,4.8,4.5,1360.89866762693,"B2",6,5,7.3,2818.79400843344
"18",241,"B2",6,0,1.5,329.867228626928,"B2",6,1,6,1072.06849303752,"B2",6,0.899999999999999,7.5,1401.93572166445
"19",242,"B2",6,1.9,0.8,380.132711084365,"B2",6,1.1,4.3,892.212313619501,"B2",6,3,5.1,1272.34502470387
"20",243,"B2",6,1.4,2.7,565.486677646163,"B2",6,2.3,0,969.966731795849,"B2",6,3.7,1.7,1535.45340944201
"21",244,"B2",6,0,1.9,899.428159245715,"B2",6,2.1,3.8,302.181943367168,"B2",6,1.8,5.7,1201.61010261288
"22",245,"B2",6,0,0,408.210695425824,"B2",6,0.6,0.3,779.311327631118,"B2",6,0.6,0.3,1187.52202305694
"23",245,"B2",6,0,0,408.210695425824,"B2",6,0.6,0.3,779.311327631118,"B2",6,0,0.5,1086.79470860122
"24",245,"B2",6,0,0,408.210695425824,"B2",6,0,0.5,678.584013175395,"B2",6,0.6,0.3,1187.52202305694
"25",245,"B2",6,0,0,408.210695425824,"B2",6,0,0.5,678.584013175395,"B2",6,0,0.5,1086.79470860122
"26",246,"B2",6,2.1,1.9,773.028142323938,"B2",6,0.300000000000001,3.3,1697.04908156104,"B2",6,2.4,5.2,2470.07722388497
"27",247,"B2",6,0.0999999999999996,0.4,363.835699193868,"B2",6,1.4,2.8,1553.51756720015,"B2",6,1.5,3.2,1917.35326639402
"28",248,"B2",6,2.1,0.3,640.884901332318,"B2",6,0.699999999999999,3.7,1340.0856162969,"B2",6,2.8,4,1980.97051762921
"29",249,"B2",6,0,1.1,24.5436926061702,"B2",6,0,2.2,846.659220142449,"B2",6,0,3.3,871.202912748619
"30",251,"B2",6,0,0.3,368.155389092554,"B2",6,0,0,127.676288937298,"B2",6,0,0,495.831678029851
"31",252,"B2",6,0,0.5,181.770587441297,"B2",6,1.3,2.8,200.276531666349,"B2",6,0.2,3.3,382.047119107646
"32",253,"B2",6,0,1,439.037573339174,"B2",6,3.4,2.5,402.123859659494,"B2",6,3.4,3.5,841.161432998667
"33",254,"B2",6,0,1.3,632.589133231432,"B2",6,0,0.7,788.58884343625,"B2",6,0,2,1421.17797666768
"34",255,"B2",6,1.2,1,835.859995395734,"B2",6,0.6,4,714.712328691678,"B2",6,1.8,5,1550.57232408741
"35",256,"B2",6,0,0.7,482.430821866883,"B2",6,1.9,3,781.716609506523,"B2",6,1.1,3.7,1264.14743137341
"36",257,"B2",1,2.2,0,308.857827756047,"B2",6,0,4.3,1000.59726016835,"B2",1,1.1,3.5,1309.4550879244
"37",257,"B2",1,2.2,0,308.857827756047,"B2",6,0,4.3,1000.59726016835,"B2",6,2.2,4.5,1731.01755212798
"38",257,"B2",6,3.3,0.2,730.420291959627,"B2",6,0,4.3,1000.59726016835,"B2",1,1.1,3.5,1309.4550879244
"39",257,"B2",6,3.3,0.2,730.420291959627,"B2",6,0,4.3,1000.59726016835,"B2",6,2.2,4.5,1731.01755212798
"40",258,"B2",6,1.3,0,609.665324337269,"B2",6,0,4,600.633245458199,"B2",6,1.1,3.5,1210.29856979547
"41",259,"B2",6,0,2.2,375.223972563131,"B2",6,0.4,2.5,1570.7963267949,"B2",6,0,4.7,1946.02029935803
"42",260,"B2",6,0,0.5,0,"B2",6,0,1,552.331258409255,"B2",6,0,1.5,449.24774946334
"43",261,"B2",6,0.4,0,70.6858347057704,"B2",6,0,0.3,18.6532063806894,"B2",6,0,0,89.3390410864598
"44",262,"B2",6,0,0,427.060251347362,"B2",6,0.699999999999999,3,578.838446423919,"B2",6,0.399999999999999,2.7,1005.89869777128
"45",263,"B2",6,0.100000000000001,1.7,673.282575572463,"B2",6,0.199999999999999,2.8,1083.84946548848,"B2",6,0.300000000000001,4.5,1757.13204106094
"46",264,"B2",3,0,1.5,530.143760293278,"B2",3,2.7,2,813.672497279756,"B2",3,2.5,3.5,1343.81625757303
"47",265,"B2",3,0.100000000000001,1.5,259.181393921158,"B2",3,2.7,0.5,1004.32790144449,"B2",3,2.8,2,1263.50929536564
"48",267,"B2",3,0.5,1,163.362817986669,"B2",3,2,0,188.495559215388,"B2",3,2.5,0.8,351.858377202057
"49",268,"B2",3,1.8,0,417.242774304894,"B2",3,1.4,3,791.484999163778,"B2",3,3.2,3,1208.72777346867
"50",270,"B2",3,1.4,0.2,231.643370817035,"B2",3,2,2,784.023716611503,"B2",3,3.4,2.2,1015.66708742854
"51",271,"B2",3,1.5,0,463.384916404494,"B2",3,0.700000000000001,1.5,912.632665867835,"B2",3,2.2,1.5,1376.01758227233
"52",271,"B2",3,1.5,0,463.384916404494,"B2",3,0.700000000000001,1.5,912.632665867835,"B2",3,0,0,235.423099478385
"53",271,"B2",3,1.5,0,463.384916404494,"B2",3,0,0,0,"B2",3,2.2,1.5,1376.01758227233
"54",271,"B2",3,1.5,0,463.384916404494,"B2",3,0,0,0,"B2",3,0,0,235.423099478385
"55",272,"B2",3,4.1,0.5,314.159265358979,"B2",3,0,2,1081.9350574652,"B2",3,3.9,2.5,1396.09432282418
"56",273,"B2",3,1.3,0,377.972866135022,"B2",3,2.3,2.5,777.544181763474,"B2",3,3.6,2.3,1155.5170478985
"57",275,"B2",3,2.3,0.3,705.140288575272,"B2",3,0,0.5,348.864046704104,"B2",3,1.7,0.8,1054.00433527938
"58",278,"B2",3,0,0.8,131.50510498386,"B2",3,1.7,2,958.234846730099,"B2",3,1.2,2.8,1089.73995171396
"59",280,"B2",7,0.5,0.5,0,"B2",7,0,3,1602.01590378995,"B2",7,0.299999999999999,3.5,1341.26371354199
"60",281,"B2",7,0,1.8,879.645943005142,"B2",7,0,4,1189.87821754713,"B2",7,0,5.8,2069.52416055228
"61",282,"B2",7,0,0,196.545890390212,"B2",7,1.1,1.5,314.159265358979,"B2",7,1.1,1,510.705155749191
"62",283,"B2",7,0.5,0,431.183591705199,"B2",7,0,1.5,358.141562509236,"B2",7,0,1.5,789.325154214435
"63",284,"B2",7,1.5,0,800.124378961151,"B2",7,0.200000000000001,5.5,0,"B2",7,1.7,2.8,483.805268652828
"64",285,"B2",7,1.2,1.7,1268.41803388688,"B2",7,0,3.5,82.4668071567321,"B2",7,0,5.2,1350.88484104361
"65",286,"B2",7,1.4,0,503.636572278614,"B2",7,0,6,534.070751110265,"B2",7,0.700000000000001,5,1037.70732338888
"66",287,"B2",7,0.5,1.7,808.371059676824,"B2",7,1.5,1,504.225620901162,"B2",7,2,2.7,1312.59668057799
"67",288,"B2",7,0,0.8,846.659220142449,"B2",7,1.1,3,376.991118430775,"B2",7,0,3.8,1223.65033857322
"68",289,"B2",7,0,0.7,507.170864013902,"B2",7,0,1.5,1065.19625910779,"B2",7,0,2.2,1572.36712312169
"69",290,"B2",7,1.2,1.1,788.097969584127,"B2",7,0,3,291.579068161303,"B2",7,0.799999999999999,4.1,1079.67703774543
"70",291,"B2",7,0.3,0.5,0,"B2",7,1.9,3,461.8141200777,"B2",7,2.2,3.5,431.968989868597
"71",292,"B2",7,0.700000000000001,0,0,"B2",7,0,8,564.112230860217,"B2",7,0,7.8,312.784818573034
"72",293,"B2",7,0,0.8,310.232274541992,"B2",7,0.5,0,66.7588438887831,"B2",7,0,0.8,376.991118430775
"73",295,"B2",7,0,0,293.542563569796,"B2",7,0.7,2,375.076710407494,"B2",7,0,1.5,668.61927397729
"74",296,"B2",7,0,0.6,0,"B2",7,0.5,1.7,811.119953248715,"B2",7,0.5,2.3,628.318530717959
"75",297,"B2",7,0,1.2,432.950737572843,"B2",7,0,5.5,302.181943367168,"B2",7,0,6.7,735.132680940011
"76",298,"B2",7,0,0.5,250.492926738574,"B2",7,0,0.5,278.816348006094,"B2",7,0,1,529.309274744668
"77",299,"B2",7,1.2,1,718.050270886117,"B2",7,0,3.5,970.752129959246,"B2",7,0.5,4.5,1688.80240084536
"78",299,"B2",7,1.2,1,718.050270886117,"B2",7,1.5,4,1340.0856162969,"B2",7,0.5,4.5,1688.80240084536
"79",299,"B2",7,0,0.5,348.716784548467,"B2",7,0,3.5,970.752129959246,"B2",7,0.5,4.5,1688.80240084536
"80",299,"B2",7,0,0.5,348.716784548467,"B2",7,1.5,4,1340.0856162969,"B2",7,0.5,4.5,1688.80240084536
"81",300,"B2",2,2.1,1.2,862.367183410398,"B2",2,0.5,2.3,1150.41195983641,"B2",2,2.6,3.5,2012.77914324681
"82",301,"B2",2,0,1.7,1055.57513160617,"B2",2,1,3.5,428.827397215007,"B2",2,1,5.2,1484.40252882118
"83",302,"B2",2,0,2.5,1062.98732677323,"B2",2,0.4,4,751.03699374881,"B2",2,0.0999999999999996,6.5,1814.02432052204
"84",304,"B2",2,0.9,0,934.623814442963,"B2",2,0.300000000000001,5,672.300827868216,"B2",2,1.2,5,1606.92464231118
"85",305,"B2",2,0.0999999999999996,3,518.559137383165,"B2",2,1,2.7,980.765956542564,"B2",2,1.1,5.7,1499.32509392573
"86",307,"B2",2,1,0.4,298.45130209103,"B2",2,0,2.8,509.723408044944,"B2",2,0.7,3.2,808.174710135974
"87",308,"B2",2,0,0.8,622.624394033327,"B2",2,0,1.5,33.9684705669397,"B2",2,0,2.3,656.592864600267
"88",309,"B2",2,1.1,2.2,286.670329640069,"B2",2,1.1,3,1357.16802635079,"B2",2,2.2,5.2,1643.83835599086
"89",310,"B2",2,1.5,2.5,238.761041672824,"B2",2,0,2.3,369.33348633765,"B2",2,1.3,4.8,608.094528010474
"90",311,"B2",2,0.5,0.5,160.221225333079,"B2",2,0,3.5,1517.38925168387,"B2",2,0.200000000000001,4,1677.61047701695
"91",312,"B2",2,0.700000000000001,1.7,325.940237809941,"B2",2,0,2,1076.19183339535,"B2",2,0,3.7,1402.13207120529
"92",313,"B2",2,0,0.5,523.27152636355,"B2",2,0,2.2,0,"B2",2,0,2.7,193.404297736622
"93",314,"B2",2,0,0,848.819065091792,"B2",2,0,3,803.46232115559,"B2",2,0,2.2,1652.28138624738
"94",315,"B2",2,0,1.5,0,"B2",2,0.600000000000001,3,54.781521896972,"B2",2,0,4.5,54.781521896972
"95",316,"B2",2,0,0.8,647.953484802895,"B2",2,0,6.5,246.025974684251,"B2",2,0,7.3,893.979459487146
"96",317,"B2",2,0.200000000000001,1,822.900925699676,"B2",2,1.1,5,1385.4423602331,"B2",2,1.3,6,2208.34328593277
"97",318,"B2",2,1.1,0,0,"B2",2,0,7,2215.6082189442,"B2",2,0,6.3,2014.54628911445
"98",319,"B2",2,0,3.7,1752.22330253971,"B2",2,0,3.8,0,"B2",2,0,7.5,1300.61935858617
"99",320,"B2",2,2.4,2.3,1512.67686270349,"B2",2,0,2.7,563.719531778519,"B2",2,1.4,5,2076.396394482
"100",321,"B2",2,0.300000000000001,0,540.942985039992,"B2",2,2,4,527.198517180537,"B2",2,2.3,3.7,1068.14150222053
"101",322,"B2",4,0.5,0,160.810273955628,"B2",4,0.5,0,320.442450666159,"B2",4,1,0,481.252724621786
"102",323,"B2",4,0.7,0.5,171.413149161493,"B2",4,0,2,356.374416641592,"B2",4,0.7,2.5,527.787565803085
"103",324,"B2",4,1.8,2.5,926.57348326814,"B2",4,0,2,898.69184846753,"B2",4,1,4.5,1825.26533173567
"104",325,"B2",4,0.6,1.7,535.788809592697,"B2",4,0,3.5,1289.42743475776,"B2",4,0.300000000000001,5.2,1825.21624435046
"105",326,"B2",4,2,0,0,"B2",4,0,1.5,665.232244397639,"B2",4,1.8,0,558.418094175586
"106",327,"B2",4,1.5,1.8,346.507852213912,"B2",4,0,0,340.862802914492,"B2",4,1.4,1.8,687.370655128404
"107",328,"B2",4,0,0.8,343.808046027233,"B2",4,0.699999999999999,2.5,919.112200715864,"B2",4,0,3.3,1262.9202467431
"108",329,"B2",4,0,0.4,1328.30464384593,"B2",4,1,0.3,984.8892969004,"B2",4,0.9,0.7,2313.19394074633
"109",330,"B2",4,6.3,1.5,651.63503869382,"B2",4,0,3,136.659280431156,"B2",4,3.8,4.5,788.294319124976
"110",331,"B2",4,1,1.5,565.486677646163,"B2",4,0,3.5,414.690230273853,"B2",4,0,5,980.176907920016
"111",332,"B2",4,0.199999999999999,2,854.513201776424,"B2",4,1.8,2,1087.58010676462,"B2",4,2,4,1942.09330854104
"112",333,"B2",4,0,4,950.920826333461,"B2",4,1.8,3,710.98168741554,"B2",4,1.1,7,1661.902513749
"113",334,"B2",4,0.299999999999999,1,430.594543082651,"B2",4,0,0,28.8633825048562,"B2",4,0,0,459.457925587507
"114",335,"B2",4,1.1,0.8,395.840674352314,"B2",4,0.299999999999999,3,295.113359896591,"B2",4,1.4,3.8,690.954034248905
"115",336,"B2",4,1.8,1,663.857797611693,"B2",4,0.4,1.5,793.252145031423,"B2",4,2.2,2.5,1457.10994264312
"116",337,"B2",4,0.800000000000001,0.3,351.858377202057,"B2",4,0.6,3.5,1606.92464231118,"B2",4,1.4,3.8,1958.78301951324
"117",338,"B2",4,0,1.2,518.362787842316,"B2",4,0,1.5,164.933614313464,"B2",4,0,2.7,683.29640215578
"118",340,"B2",4,2,0.7,794.773853973005,"B2",4,0,3,667.78478842868,"B2",4,1.7,3.7,1462.55864240169
"119",341,"B2",4,1.8,1,203.22177477909,"B2",4,0,3.5,943.459543781185,"B2",4,1.3,4.5,1146.68131856027
"120",342,"B2",4,2.2,0,263.893782901543,"B2",4,0.399999999999999,2,471.238898038469,"B2",4,2.6,0.6,735.132680940012
"121",343,"B2",4,0.699999999999999,0,1105.84061406361,"B2",4,0,3,1891.4351270019,"B2",4,0,3,2997.27574106551
"122",344,"B2",4,1.5,1.5,274.300308566559,"B2",4,0,3,353.429173528852,"B2",4,0.2,4.5,627.729482095411
"123",345,"B2",5,2.9,0.7,389.557489045134,"B2",5,0,0.8,27.68528525976,"B2",5,2.9,1.5,417.242774304894
"124",346,"B2",5,1.2,0,471.238898038469,"B2",5,0,1.8,0,"B2",5,0.5,1.8,288.437475507713
"125",347,"B2",5,0.5,0.3,385.826847768997,"B2",5,0,1,579.623844587317,"B2",5,0,1.3,965.450692356313
"126",348,"B2",5,2.8,1.8,508.938009881547,"B2",5,0,1.5,1130.97335529233,"B2",5,2.4,3.3,1639.91136517387
"127",349,"B2",5,0.5,1,301.59289474462,"B2",5,0,0,488.714007174062,"B2",5,0.0999999999999996,0,790.306901918682
"128",350,"B2",5,1.3,1.7,893.979459487146,"B2",5,1.4,3.3,384.84510006475,"B2",5,2.7,5,1278.8245595519
"129",351,"B2",5,0.6,1.5,627.729482095411,"B2",5,0,4,917.934103470768,"B2",5,0,5.5,1545.66358556618
"130",352,"B2",5,0.6,0.5,886.51817693487,"B2",5,0,1.5,341.64820107789,"B2",5,0.199999999999999,2,1228.16637801276
"131",353,"B2",5,3.8,2,1078.94072696724,"B2",5,0,3,742.201264410589,"B2",5,0.5,5,1821.14199137783
"132",354,"B2",5,0.800000000000001,1.2,847.444618305847,"B2",5,0,3.5,480.663675999238,"B2",5,0.4,4.7,1328.10829430508
"133",355,"B2",5,1.2,1,1089.54360217311,"B2",5,0.199999999999999,1,83.2522053201296,"B2",5,1.4,2,1172.79580749324
"134",356,"B2",5,0,0.8,613.395965613407,"B2",5,0,3.2,722.566310325652,"B2",5,0,4,1335.96227593906
"135",357,"B2",5,1.8,0,118.791472213864,"B2",5,0,1.5,0,"B2",5,0.699999999999999,1.5,118.791472213864
"136",358,"B2",5,1.5,3,431.379941246048,"B2",5,0.699999999999999,2.5,1441.99102799772,"B2",5,2.2,5.5,1873.37096924376
"137",359,"B2",5,1.1,0,678.584013175395,"B2",5,0,2,1211.28031749971,"B2",5,0.699999999999999,1.7,1889.86433067511
"138",360,"B2",5,1,2,1055.57513160617,"B2",5,0.6,4.5,2221.89140425138,"B2",5,1.6,6.5,3277.46653585755
"139",361,"B2",5,0,1.5,122.718463030851,"B2",5,0,3,1335.17687777566,"B2",5,0,4.5,1457.89534080651
"140",362,"B2",5,0,0,497.353386971434,"B2",5,0,3,345.575191894877,"B2",5,0,3,842.928578866311
"141",363,"B2",5,0.9,0.8,124.878307980194,"B2",5,0.5,1.5,488.714007174062,"B2",5,1.4,2.3,613.592315154257
"142",364,"B2",5,1.9,1.8,1171.0286616256,"B2",5,1.3,2.7,1165.53087448181,"B2",5,3.2,4.5,2336.55953610741
"143",366,"B2",5,3.6,1.3,414.052094266092,"B2",5,0,1,691.150383789754,"B2",5,0.2,2.8,1442.7273387759
"144",366,"B2",5,3.6,1.3,414.052094266092,"B2",5,0,1,691.150383789754,"B2",5,0.6,2.3,1105.20247805585
"145",366,"B2",5,3.6,1.3,414.052094266092,"B2",5,0,1.5,1028.67524450981,"B2",5,0.2,2.8,1442.7273387759
"146",366,"B2",5,3.6,1.3,414.052094266092,"B2",5,0,1.5,1028.67524450981,"B2",5,0.6,2.3,1105.20247805585
"147",367,"B2",5,0.800000000000001,1.2,857.654794430013,"B2",5,0.799999999999999,1.8,1308.669689761,"B2",5,1.6,3,2166.32448419101
"148",368,"B2",5,2.3,0.5,349.698532252714,"B2",5,0,2.5,1629.50483950886,"B2",5,1.4,3,1979.20337176157
"149",369,"B3",7,0.4,3.5,1854.91411240392,"B3",7,1.9,1.5,1457.89534080651,"B3",7,2.3,5,3312.80945321044
"150",370,"B3",7,1.1,0.5,695.077374606742,"B3",7,0,8,586.692428057894,"B3",7,0,9,1255.40987680561
"151",370,"B3",7,1.1,0.5,695.077374606742,"B3",7,0,8,586.692428057894,"B3",7,0,8.5,1281.76980266464
"152",370,"B3",7,0.699999999999999,1,668.717448747715,"B3",7,0,8,586.692428057894,"B3",7,0,9,1255.40987680561
"153",370,"B3",7,0.699999999999999,1,668.717448747715,"B3",7,0,8,586.692428057894,"B3",7,0,8.5,1281.76980266464
"154",371,"B3",7,2.8,1.2,789.325154214435,"B3",7,0,2,1231.5043202072,"B3",7,1.3,3.2,2020.82947442163
"155",372,"B3",7,0,1.5,1298.26316409598,"B3",7,0,0,0,"B3",7,0,2.8,1434.13704636374
"156",372,"B3",7,0,1.5,1298.26316409598,"B3",7,0,0,0,"B3",7,0,1.5,1256.83341097677
"157",372,"B3",7,0.300000000000001,2.8,1475.56679948296,"B3",7,0,0,0,"B3",7,0,2.8,1434.13704636374
"158",372,"B3",7,0.300000000000001,2.8,1475.56679948296,"B3",7,0,0,0,"B3",7,0,1.5,1256.83341097677
"159",373,"B3",7,0,4,1617.92021659874,"B3",7,0.299999999999999,3.5,1272.34502470387,"B3",7,0,7.5,2890.26524130261
"160",374,"B3",7,0.699999999999999,2.7,431.379941246048,"B3",7,0,1.8,298.45130209103,"B3",7,0,4.5,729.831243337079
"161",375,"B3",7,1.4,2.8,487.535909928966,"B3",7,0,2.7,1074.42468752771,"B3",7,0,5.5,1561.96059745668
"162",376,"B3",7,0.0999999999999996,1.5,1065.19625910779,"B3",7,0.4,0,1286.48219164502,"B3",7,0.5,1,2351.67845075281
"163",378,"B3",7,1.3,3.3,1121.74492687241,"B3",7,0,0,463.384916404495,"B3",7,0,2,1585.1298432769
"164",380,"B3",7,1.4,3.6,1510.51701775414,"B3",7,0,2.2,604.756585816035,"B3",7,0.0999999999999996,5.8,2115.27360357018
"165",381,"B3",7,1.3,2,871.742873985955,"B3",7,0,1,71.4712328691678,"B3",7,1.3,3,943.214106855123
"166",383,"B3",7,0,2,51.8362787842316,"B3",7,2,1.5,0,"B3",7,1.9,3.5,25.7217898512664
"167",384,"B3",3,0,1,494.800842940392,"B3",3,1.8,2.5,1508.55352234565,"B3",3,1.5,3.5,2003.35436528604
"168",385,"B3",3,0,0,882.591186117883,"B3",3,2.5,3.5,442.964564156161,"B3",3,2.4,3.5,1325.55575027404
"169",386,"B3",3,1.5,0,535.052498814512,"B3",3,0.4,1.3,193.79699681832,"B3",3,1.9,0.7,728.849495632832
"170",387,"B3",3,0.6,0,518.215525686679,"B3",3,4.7,4.5,1602.35951548643,"B3",3,5.3,4.5,2120.57504117311
"171",387,"B3",3,0.6,0,518.215525686679,"B3",3,4.7,4.5,1602.35951548643,"B3",3,1,0,895.942954895639
"172",387,"B3",3,0.6,0,518.215525686679,"B3",3,0.4,0,377.72742920896,"B3",3,5.3,4.5,2120.57504117311
"173",387,"B3",3,0.6,0,518.215525686679,"B3",3,0.4,0,377.72742920896,"B3",3,1,0,895.942954895639
"174",388,"B3",3,0,0.5,831.540305497048,"B3",3,0.3,3,768.904801966102,"B3",3,0,3.5,1600.44510746315
"175",389,"B3",3,0,0.5,226.783719681013,"B3",3,3.6,1.2,0,"B3",3,2.7,1.7,204.203522483337
"176",390,"B3",3,1.4,1.7,536.377858215245,"B3",3,0,4.5,317.497207553419,"B3",3,0,6.2,853.875065768663
"177",391,"B3",3,0.4,0.5,94.2477796076938,"B3",3,0,1,303.949089234813,"B3",3,0.4,1.5,398.196868842506
"178",392,"B3",3,1,1.8,652.862223324129,"B3",3,1.1,1,622.035345410779,"B3",3,2.1,2.8,1274.89756873491
"179",393,"B3",3,1.8,2,753.98223686155,"B3",3,0,2.5,2042.03522483337,"B3",3,1.7,4.5,2796.01746169492
"180",394,"B3",3,0.4,0.2,391.471897068416,"B3",3,1.2,0.8,239.742789377071,"B3",3,1.6,1,631.214686445487
"181",396,"B3",3,0,1.7,61.408318900638,"B3",3,0,0.5,438.055825634927,"B3",3,0,2.2,499.464144535565
"182",397,"B3",3,1.6,1,60.6229207372405,"B3",3,0,1,219.911485751286,"B3",3,0.3,2,280.534406488526
"183",398,"B3",3,0.5,1.7,189.526394304847,"B3",3,0.6,0,580.163805824653,"B3",3,1.1,0.7,769.690200129499
"184",399,"B3",5,0,4,973.157411834651,"B3",5,0.4,3,1541.09845874143,"B3",5,0.4,7,2514.25587057608
"185",400,"B3",5,0.699999999999999,4,706.858347057703,"B3",5,0.699999999999999,3,588.263224384689,"B3",5,1.4,7,1295.12157144239
"186",401,"B3",5,0.100000000000001,2.3,2209.32503363702,"B3",5,0,1.4,99.745566751476,"B3",5,0,3.7,2309.0706003885
"187",402,"B3",5,1.8,5.3,1053.41528665683,"B3",5,0,0.5,626.747734391164,"B3",5,1.2,5.8,1680.16302104799
"188",403,"B3",5,0,1,728.849495632832,"B3",5,0,3,1943.86045440868,"B3",5,0,4,2672.70995004152
"189",404,"B3",5,0.9,4.5,808.371059676824,"B3",5,0,5,3213.84928462236,"B3",5,0,9.5,4022.22034429918
"190",405,"B3",5,0.300000000000001,0.5,1130.97335529233,"B3",5,0.300000000000001,1,421.169765121882,"B3",5,0.600000000000001,1.5,1552.14312041421
"191",406,"B3",5,0.0999999999999996,3.5,931.285872248524,"B3",5,1.3,3.5,544.280927234432,"B3",5,1.4,7,1475.56679948296
"192",407,"B3",5,1.7,2.2,1228.36272755361,"B3",5,0,2.8,541.924732744239,"B3",5,0,5,1770.28746029785
"193",408,"B3",5,0,1.5,1385.4423602331,"B3",5,1.4,2,0,"B3",5,0.699999999999999,3.5,908.116626428299
"194",409,"B3",5,2.1,3.8,1064.80356002609,"B3",5,0,5.5,0,"B3",5,0,9.3,509.527058504095
"195",410,"B3",5,0.0999999999999996,5.8,1178.68629371872,"B3",5,0,3,844.499375193106,"B3",5,0,8.8,2023.18566891183
"196",411,"B3",5,0.399999999999999,5.2,989.601685880785,"B3",5,3.8,3.3,2472.62976791602,"B3",5,4.2,8.5,3462.2314537968
"197",411,"B3",5,0.399999999999999,5.2,989.601685880785,"B3",5,3.8,3.3,2472.62976791602,"B3",5,2,8.7,1417.64368493239
"198",411,"B3",5,0.399999999999999,5.2,989.601685880785,"B3",5,1.6,3.5,428.041999051609,"B3",5,4.2,8.5,3462.2314537968
"199",411,"B3",5,0.399999999999999,5.2,989.601685880785,"B3",5,1.6,3.5,428.041999051609,"B3",5,2,8.7,1417.64368493239
"200",412,"B3",5,0.0999999999999996,5,1189.87821754713,"B3",5,0,0,376.991118430775,"B3",5,0,5,1566.86933597791
"201",413,"B3",5,0,3.3,1415.2874904422,"B3",5,0,2,0,"B3",5,0,5.3,1132.54415161912
"202",414,"B3",5,0,4.7,600.829594999048,"B3",5,3.9,3,1235.62766056504,"B3",5,3.9,7.7,1836.45725556408
"203",415,"B3",5,3.2,2.5,900.655343876024,"B3",5,0,0.7,0,"B3",5,1.9,3.2,466.330159517235
"204",416,"B3",5,0.9,4.5,981.796791632023,"B3",5,0,4,1075.16099830589,"B3",5,0.300000000000001,8.5,2056.95778993792
"205",417,"B3",5,0.6,2.5,888.481672343363,"B3",5,0,5,40.644354955818,"B3",5,0,7.5,929.126027299181
"206",418,"B3",5,0.5,2.2,878.664195300895,"B3",5,0,0,879.645943005142,"B3",5,0,1.7,1758.31013830604
"207",419,"B3",5,0.199999999999999,4,763.40701482232,"B3",5,0,2,549.778714378214,"B3",5,0,6,1313.18572920053
"208",420,"B3",5,2.3,1.7,480.07462737669,"B3",5,0,0.899999999999999,447.676953136546,"B3",5,1.3,2.6,927.751580513236
"209",421,"B3",6,1.9,1.2,379.592749847029,"B3",6,0,0,247.154984544134,"B3",6,0.9,1,626.747734391164
"210",422,"B3",6,0,0,814.261545902304,"B3",6,0.9,0,0,"B3",6,0,0,714.712328691678
"211",423,"B3",6,1.2,3.8,1592.19842674748,"B3",6,1.3,2.7,0,"B3",6,2.5,6.5,1592.19842674748
"212",424,"B3",6,1.3,2,721.584562621406,"B3",6,0,3.5,395.251625729766,"B3",6,0.9,5.5,1116.83618835117
"213",425,"B3",6,0,2.6,874.737204483908,"B3",6,0.199999999999999,3.2,1166.31627264521,"B3",6,0,5.8,2041.05347712912
"214",426,"B3",6,0.6,1.3,350.483930416111,"B3",6,0.700000000000001,2.3,639.117755464674,"B3",6,1.3,3.6,989.601685880785
"215",428,"B3",6,1.7,3,362.853951489621,"B3",6,0,4.5,725.707902979242,"B3",6,1.7,7.5,1088.56185446886
"216",430,"B3",6,0,2.3,975.464518939631,"B3",6,3.1,0.5,139.800873084746,"B3",6,2.8,2.8,1115.26539202438
"217",431,"B3",6,3.4,0.5,882.591186117882,"B3",6,0,0,1118.60333421882,"B3",6,2.4,0.5,2001.1945203367
"218",432,"B3",6,0,1,805.082204867597,"B3",6,0.199999999999999,0.5,1213.58742460469,"B3",6,0.199999999999999,1.5,2018.66962947229
"219",433,"B3",6,1.7,4,1884.95559215388,"B3",6,0.299999999999999,0,0,"B3",6,2,3,1281.18075404209
"220",433,"B3",6,1.7,4,1884.95559215388,"B3",6,0.399999999999999,1,451.800293494382,"B3",6,2,3,1281.18075404209
"221",433,"B3",6,1.6,2,829.380460547705,"B3",6,0.299999999999999,0,0,"B3",6,2,3,1281.18075404209
"222",433,"B3",6,1.6,2,829.380460547705,"B3",6,0.399999999999999,1,451.800293494382,"B3",6,2,3,1281.18075404209
"223",434,"B3",6,0,0,350.483930416111,"B3",6,0,0,816.814089933346,"B3",6,0,0,1167.29802034946
"224",435,"B3",6,0,1,304.53813785736,"B3",6,0.800000000000001,3.7,868.846718258427,"B3",6,0.800000000000001,4.7,1173.38485611579
"225",436,"B3",6,0,2.1,1041.43796466502,"B3",6,0,3.7,690.954034248905,"B3",6,0,5.8,1732.39199891392
"226",437,"B3",6,0.6,2.7,1181.23883774976,"B3",6,1.5,1,1309.4550879244,"B3",6,2.1,3.7,2490.69392567416
"227",439,"B3",6,0.399999999999999,1.5,790.306901918682,"B3",6,0,4,0,"B3",6,0.199999999999999,5.5,790.306901918682
"228",440,"B3",6,1.2,2.1,1256.63706143592,"B3",6,0.5,4.7,1007.07679501638,"B3",6,1.7,6.8,2263.7138564523
"229",441,"B3",6,0,2,479.092879672443,"B3",6,2.5,5.3,819.759333046087,"B3",6,2.4,7.3,1298.85221271853
"230",442,"B3",6,0,1,1014.7344271095,"B3",6,2.7,0.3,678.584013175395,"B3",6,2.6,1.3,1693.3184402849
"231",443,"B3",6,0.699999999999999,2.5,501.869426410969,"B3",6,1.4,3,552.920307031804,"B3",6,2.1,5.5,1054.78973344277
"232",444,"B3",6,0,1.2,734.543632317464,"B3",6,2.2,4.8,94.8368282302417,"B3",6,1.8,6,829.380460547705
"233",445,"B3",1,1,2.3,199.687483043801,"B3",1,0.199999999999999,5,1645.2128027768,"B3",1,1.2,7.3,1844.90028582061
"234",447,"B3",1,0,1.8,383.863352360503,"B3",1,0.800000000000001,0,1069.12324992478,"B3",1,0,1.8,1452.98660228528
"235",448,"B3",1,0.5,2,1017.28697114054,"B3",1,0.199999999999999,3,690.954034248905,"B3",1,0.699999999999999,5,1708.24100538945
"236",449,"B3",1,1.6,0.5,858.243843052561,"B3",1,3.8,5,2287.07945181337,"B3",1,5.4,5.5,3145.32329486593
"237",450,"B3",1,0.799999999999999,1,1041.43796466502,"B3",1,1.2,6,570.199066626547,"B3",1,0.100000000000001,6.5,1748.29631172272
"238",450,"B3",1,0.799999999999999,1,1041.43796466502,"B3",1,1.2,6,570.199066626547,"B3",1,2,7,1611.63703129156
"239",450,"B3",1,0,0.5,1178.09724509617,"B3",1,1.2,6,570.199066626547,"B3",1,0.100000000000001,6.5,1748.29631172272
"240",450,"B3",1,0,0.5,1178.09724509617,"B3",1,1.2,6,570.199066626547,"B3",1,2,7,1611.63703129156
"241",451,"B3",1,0.9,1,1283.34059899143,"B3",1,1.7,6,342.433599241288,"B3",1,2.6,7,1625.77419823272
"242",452,"B3",1,1.4,3.5,1104.26981773681,"B3",1,0,0,764.781461608265,"B3",1,0.200000000000001,3.5,1869.05127934508
"243",455,"B3",1,0,3,622.624394033327,"B3",1,0.799999999999999,4.5,1235.62766056504,"B3",1,0,7.5,1858.25205459836
"244",457,"B3",1,0,0,809.941856003619,"B3",1,0,0,2131.57061546067,"B3",1,0,0,2941.51247146429
"245",459,"B3",1,0,2.5,706.858347057703,"B3",1,3.6,4.5,69.1150383789754,"B3",1,3.6,7,775.973385436679
"246",460,"B3",1,0,3.5,622.035345410779,"B3",1,0,3.5,317.300858012569,"B3",1,0,7,939.336203423348
"247",461,"B3",1,3.3,1,1006.29139685298,"B3",1,0,4.7,1066.57070589373,"B3",1,0.7,5.7,2072.86210274672
"248",462,"B3",1,0.699999999999999,1.7,871.202912748619,"B3",1,0,4.5,970.752129959246,"B3",1,0.0999999999999996,6.2,1841.95504270787
"249",463,"B3",1,0,0,433.539786195391,"B3",1,1.5,3.8,1211.67301658141,"B3",1,0.4,3.5,1645.2128027768
"250",464,"B3",1,2.9,4,1747.51091355932,"B3",1,0,2.5,715.694076395925,"B3",1,2.2,6.5,2463.20498995525
"251",465,"B3",4,1,0,1082.08231962083,"B3",4,2.7,5.7,79.3252145031422,"B3",4,3.7,5.5,1161.40753412398
"252",466,"B3",4,1.6,2.3,977.820713429823,"B3",4,0,4.8,117.220675887069,"B3",4,0,7.5,1719.43292921786
"253",466,"B3",4,1.6,2.3,977.820713429823,"B3",4,0,4.8,117.220675887069,"B3",1,2.5,8,1531.52641862502
"254",466,"B3",4,1.6,2.3,977.820713429823,"B3",4,0,4.8,117.220675887069,"B3",4,0,7.1,1095.04138931689
"255",466,"B3",1,4.3,3.2,1414.30574273795,"B3",4,0,4.8,117.220675887069,"B3",4,0,7.5,1719.43292921786
"256",466,"B3",1,4.3,3.2,1414.30574273795,"B3",4,0,4.8,117.220675887069,"B3",1,2.5,8,1531.52641862502
"257",466,"B3",1,4.3,3.2,1414.30574273795,"B3",4,0,4.8,117.220675887069,"B3",4,0,7.1,1095.04138931689
"258",466,"B3",4,1.2,2.7,1602.21225333079,"B3",4,0,4.8,117.220675887069,"B3",4,0,7.5,1719.43292921786
"259",466,"B3",4,1.2,2.7,1602.21225333079,"B3",4,0,4.8,117.220675887069,"B3",1,2.5,8,1531.52641862502
"260",466,"B3",4,1.2,2.7,1602.21225333079,"B3",4,0,4.8,117.220675887069,"B3",4,0,7.1,1095.04138931689
"261",467,"B3",4,0,2.5,860.010988920206,"B3",4,2.3,3,986.656442768044,"B3",4,1.9,5.5,1846.66743168825
"262",468,"B3",4,1.5,2,979.980558379166,"B3",4,0,2.5,1065.19625910779,"B3",4,1.1,4.5,2045.17681748696
"263",469,"B3",4,1.6,4,753.98223686155,"B3",4,0,4,980.176907920016,"B3",4,1,8,1734.15914478157
"264",470,"B3",4,0.4,4.5,1429.42465738336,"B3",4,0,5.2,1429.22830784251,"B3",4,0,8.7,2913.63083666368
"265",470,"B3",4,0.4,4.5,1429.42465738336,"B3",4,0,5.2,1429.22830784251,"B3",4,0,9.7,2858.65296522586
"266",470,"B3",4,0.300000000000001,3.5,1484.40252882118,"B3",4,0,5.2,1429.22830784251,"B3",4,0,8.7,2913.63083666368
"267",470,"B3",4,0.300000000000001,3.5,1484.40252882118,"B3",4,0,5.2,1429.22830784251,"B3",4,0,9.7,2858.65296522586
"268",471,"B3",4,1.4,0,735.132680940011,"B3",4,0,6.5,316.319110308322,"B3",4,0,4.3,1051.45179124833
"269",472,"B3",4,0,5.2,895.942954895639,"B3",4,0,1.3,2185.7630887351,"B3",4,0,6.5,3081.70604363074
"270",473,"B3",4,0.5,3.8,537.75230500119,"B3",4,0.800000000000001,6,1883.38479582708,"B3",4,1.3,9.8,2421.13710082827
"271",474,"B3",4,0.799999999999999,1.3,716.283125018473,"B3",4,0.700000000000001,2,1849.02362617844,"B3",4,1.5,3.3,2565.30675119692
"272",475,"B3",4,1.3,0,790.306901918682,"B3",4,0,6,2260.9649628804,"B3",4,1.2,6,3051.27186479909
"273",476,"B3",4,3.4,2.9,334.775967148162,"B3",4,0,4.3,1715.30958886003,"B3",4,0.9,7.2,2050.08555600819
"274",477,"B3",4,0,3,604.167537193487,"B3",4,0,5,2034.77029182194,"B3",4,0,8,2638.93782901543
"275",478,"B3",4,0.0999999999999996,1,682.511003992382,"B3",4,2.9,0,0,"B3",4,3,0.5,510.705155749191
"276",479,"B3",4,0,2.5,1286.48219164502,"B3",4,2.7,4,2820.16845521939,"B3",4,2.1,6.5,4106.65064686441
"277",480,"B3",4,0,2.5,1186.93297443439,"B3",4,1.1,10.5,1286.48219164502,"B3",4,0.6,13,2473.41516607941
"278",481,"B3",4,1.6,2.5,520.718982332508,"B3",4,0.100000000000001,1.5,857.654794430013,"B3",4,1.7,4,1378.37377676252
"279",482,"B3",4,0,3,593.761011528471,"B3",4,0,4,149.225651045515,"B3",4,0,7,742.986662573986
"280",483,"B3",4,3.3,1.8,1409.98605283927,"B3",4,0,6.5,2613.60873824586,"B3",4,2.2,8.3,4023.59479108513
"281",484,"B3",4,0,2,738.077924052752,"B3",4,0,5.5,543.691878611884,"B3",4,0,7.5,1281.76980266464
"282",485,"B3",4,1.4,3,1555.03927614174,"B3",4,1.5,6.5,2012.38644416511,"B3",4,2.9,9.5,3567.42572030685
"283",486,"B3",4,1.2,2.7,1832.5302647471,"B3",4,1.8,1.5,1555.08836352695,"B3",4,3,4.2,3387.61862827404
"284",487,"B3",2,1.4,2.2,802.676922992192,"B3",2,0,8,1484.40252882118,"B3",2,1,10.2,2287.07945181337
"285",488,"B3",2,0,2.5,548.404267592268,"B3",2,0,9,2718.85209214112,"B3",2,0,11.5,3267.25635973338
"286",490,"B3",2,2.4,5,2186.5484868985,"B3",2,0.199999999999999,5.8,1060.28752058656,"B3",2,2.6,10.8,3246.83600748505
"287",492,"B3",2,2.4,2.5,1312.20398149629,"B3",2,0,6,1378.37377676252,"B3",2,0,8.5,2690.57775825881
"288",493,"B3",2,4.3,3.5,1424.90861794382,"B3",2,0,8,686.241645268521,"B3",2,0.5,11.5,2111.15026321234
"289",494,"B3",2,3.4,3.8,941.250611446629,"B3",2,0,6.2,657.574612304514,"B3",2,2.5,10,1598.82522375114
"290",496,"B3",2,0.700000000000001,1.5,1883.58114536793,"B3",2,0.899999999999999,4.5,1555.08836352695,"B3",2,1.6,6,3438.66950889488
"291",497,"B3",2,1.3,2.8,1343.03085940964,"B3",2,0,7.5,1570.7963267949,"B3",2,0,10.3,2913.82718620453
"292",498,"B3",2,0.600000000000001,0,287.259378262617,"B3",2,0,2.5,120.16591899981,"B3",2,0,2.5,407.425297262426
"293",499,"B3",2,1.3,2,110.152092416492,"B3",2,0,13,2528.78573659893,"B3",2,0.299999999999999,15,2638.93782901543
"294",500,"B3",2,0,4,895.942954895639,"B3",2,0,4.5,1133.32954978252,"B3",2,0,8.5,2029.27250467816
"295",501,"B3",2,0,4.5,1651.88868716568,"B3",2,0,2.5,1396.43793452066,"B3",2,0,7,3048.32662168635
"296",502,"B3",2,0,5.5,1697.04908156104,"B3",2,0,9,1262.9202467431,"B3",2,0,14.5,2959.96932830413
"297",503,"B3",2,4.2,3.2,1201.6591899981,"B3",2,0,6.8,1034.17303165359,"B3",2,3,10,2235.83222165169
"298",504,"B3",2,7.4,3.2,456.905381556465,"B3",2,0,6,1768.9130135119,"B3",2,5.1,9.2,2225.81839506837
"299",505,"B3",2,0,3.5,1809.55736846772,"B3",2,0.299999999999999,6.5,3324.00137703885,"B3",2,0.199999999999999,10,5133.55874550657
"300",506,"B3",2,1,3,2638.93782901543,"B3",2,0,6,442.964564156161,"B3",2,0.200000000000001,9,3081.90239317159
"301",507,"B4",7,8.7,2,859.029241215959,"B4",7,0,10.7,1562.15694699752,"B4",7,3.6,12.7,2421.18618821348
"302",508,"B4",7,0,1,1088.56185446886,"B4",7,0,6.8,0,"B4",7,0,7.8,1051.45179124833
"303",509,"B4",7,0.199999999999999,3,2263.7138564523,"B4",7,5.4,5.3,301.59289474462,"B4",7,5.6,8.3,2565.30675119692
"304",510,"B4",7,0.6,0,2459.86704776081,"B4",7,5.5,10.1,1889.52071897862,"B4",7,6.1,7.1,4349.38776673943
"305",512,"B4",7,0,2.3,768.708452425252,"B4",7,0,6.8,1714.72054023748,"B4",7,0,9.1,2483.42899266273
"306",513,"B4",7,0.6,0,1786.78082172919,"B4",7,2.3,6.5,0,"B4",7,2.9,6.2,234.490439159351
"307",514,"B4",7,0,5,1328.45190600157,"B4",7,4.8,6.3,3248.45589119706,"B4",7,4.8,11.3,4576.90779719863
"308",516,"B4",7,0,1.2,735.868991718197,"B4",7,2.6,5.8,746.324604768425,"B4",7,1.8,7,1482.19359648662
"309",517,"B4",7,0,0.8,0,"B4",7,0.4,8.4,478.307481509046,"B4",7,0,9.2,478.307481509046
"310",518,"B4",7,0,0.5,452.38934211693,"B4",7,5,5.9,1385.4423602331,"B4",7,4.9,6.4,1837.83170235003
"311",519,"B4",7,0,3,1606.92464231118,"B4",7,3.9,5.3,1362.46946395372,"B4",7,3.9,8.3,2969.3941062649
"312",520,"B4",7,1,1,527.002167639688,"B4",7,0,8.9,608.094528010474,"B4",7,0,9.9,1135.09669565016
"313",521,"B4",7,0.5,0.8,443.946311860408,"B4",7,0,5.5,727.082349765188,"B4",7,0,6.3,1171.0286616256
"314",522,"B4",7,0.5,1,686.585256965007,"B4",7,0,5.9,966.039740978861,"B4",7,0,6.9,1652.62499794387
"315",523,"B4",7,0,2.5,1668.97109721958,"B4",7,2.1,7.9,153.594428329413,"B4",7,1.6,10.4,1822.56552554899
"316",524,"B4",7,1.5,2,1116.83618835117,"B4",7,0,4.8,571.769862953342,"B4",7,1.1,6.8,1688.60605130451
"317",525,"B4",7,0.7,2.5,65.3843971028376,"B4",7,0,6.2,952.491622660255,"B4",7,0,8.7,1017.87601976309
"318",526,"B4",7,0,0,68.329640215578,"B4",7,0,5.2,153.594428329413,"B4",7,0,5.2,221.924068544991
"319",527,"B4",7,1.2,0.8,338.850220120787,"B4",7,1.2,1.7,445.320758646353,"B4",7,2.4,2.5,784.17097876714
"320",528,"B4",6,0,3.7,2068.54241284803,"B4",6,0.799999999999999,5.5,1668.38204859703,"B4",6,0.799999999999999,9.2,3736.92446144506
"321",529,"B4",6,0.899999999999999,2.5,1376.60663089488,"B4",6,0.800000000000001,5.5,1697.44178064274,"B4",6,1.7,8,3074.04841153761
"322",530,"B4",6,0,4.3,2184.1922924083,"B4",6,3.3,5.5,0,"B4",6,3.3,9.8,2032.80679641345
"323",531,"B4",6,0,2,957.20401164064,"B4",6,0.100000000000001,4,1363.45121165797,"B4",6,0.100000000000001,6,2320.65522329861
"324",532,"B4",6,0.9,3,1286.43310425981,"B4",6,1.6,6.5,3185.7713002809,"B4",6,2.5,9.5,4472.20440454071
"325",533,"B4",6,0.900000000000002,1.8,1353.83008415635,"B4",6,1.6,6.5,3579.05943060217,"B4",6,2.5,8.3,4932.88951475852
"326",535,"B4",6,1.2,0.5,1600.44510746315,"B4",6,0,5,0,"B4",6,1,5.5,831.540305497048
"327",536,"B4",6,0,0,706.858347057703,"B4",6,0,2.5,0,"B4",6,0,1.5,446.106156809751
"328",537,"B4",6,0,0.7,0,"B4",6,1,2,1119.19238284136,"B4",6,0.799999999999999,2.7,1119.19238284136
"329",538,"B4",6,0,0,2407.44172035403,"B4",6,0,2.8,873.362757697963,"B4",6,0,2.8,3280.80447805199
"330",539,"B4",6,0,0.8,0,"B4",6,1.4,6.1,1686.24985681432,"B4",6,0.5,6.9,1686.24985681432
"331",540,"B4",6,0,0.8,630.871074749,"B4",6,0,0,0,"B4",6,0,0.8,79.5215640439916
"332",541,"B4",6,0,2.5,1053.02258757513,"B4",6,0,0,0,"B4",6,0,1,895.942954895639
"333",542,"B4",6,0,2,622.035345410779,"B4",6,2.4,0,1312.59668057799,"B4",6,0.899999999999999,4,2024.16741661607
"334",542,"B4",6,0,2,622.035345410779,"B4",6,2.4,0,1312.59668057799,"B4",6,2.4,2,1934.63202598876
"335",542,"B4",6,0,2,622.035345410779,"B4",6,0.899999999999999,2,1402.13207120529,"B4",6,0.899999999999999,4,2024.16741661607
"336",542,"B4",6,0,2,622.035345410779,"B4",6,0.899999999999999,2,1402.13207120529,"B4",6,2.4,2,1934.63202598876
"337",543,"B4",6,1,2.5,2239.75921246867,"B4",6,8.9,1.5,0,"B4",6,9.9,4,2095.44229994439
"338",544,"B4",6,0,3,344.59344419063,"B4",6,0,0,599.258798672253,"B4",6,0,0.5,943.852242862883
"339",545,"B4",6,1,2,2112.91740907999,"B4",6,1,0,0,"B4",6,2,0.5,1762.43347866387
"340",549,"B4",2,2.3,1.3,886.51817693487,"B4",2,0,0,0,"B4",2,1,1.3,485.376064979623
"341",551,"B4",2,0.6,2.5,320.589712821796,"B4",2,0,0,0,"B4",2,0,1,0
"342",553,"B4",2,3.1,0,468.293654925729,"B4",2,0,1.5,212.057504117311,"B4",2,1.6,0.8,680.35115904304
"343",555,"B4",2,0,1.6,432.950737572843,"B4",2,0,0,0,"B4",2,0,0.3,106.814150222053
"344",558,"B4",2,0.5,1,0,"B4",2,0,0,372.27872945039,"B4",2,0.0999999999999996,1,314.159265358979
"345",559,"B4",2,0,2,557.632696012188,"B4",2,1.3,2,1353.83008415635,"B4",2,1.8,4,1957.21222318644
"346",559,"B4",2,0,2,557.632696012188,"B4",2,1.3,2,1353.83008415635,"B4",2,0.100000000000001,4,1911.46278016854
"347",559,"B4",2,0,2,557.632696012188,"B4",2,3,2,1399.57952717425,"B4",2,1.8,4,1957.21222318644
"348",559,"B4",2,0,2,557.632696012188,"B4",2,3,2,1399.57952717425,"B4",2,0.100000000000001,4,1911.46278016854
"349",560,"B4",2,0.600000000000001,4.5,4017.5079553188,"B4",2,1.5,4.5,0,"B4",2,2.1,9,3249.38855151609
"350",562,"B4",2,0,0.3,0,"B4",2,0.300000000000001,1,0,"B4",2,0.300000000000001,1.3,0
"351",563,"B4",2,0.0999999999999996,1.5,593.171962905923,"B4",2,0.5,1,292.168116783851,"B4",2,0.6,2.5,885.340079689774
"352",565,"B4",5,1.2,4,859.814639379356,"B4",5,3.3,2.5,0,"B4",5,4.5,6.5,688.008791136165
"353",566,"B4",5,1,2.5,892.212313619501,"B4",5,8.2,3.5,1581.79190108246,"B4",5,9.2,6,2474.00421470196
"354",567,"B4",5,0,3,1671.27820432456,"B4",5,1.9,3.8,88.7499924639119,"B4",5,4.8,5.8,1627.49225671515
"355",567,"B4",5,0,3,1671.27820432456,"B4",5,1.9,3.8,88.7499924639119,"B4",5,1.9,6.8,1760.02819678847
"356",567,"B4",5,0,3,1671.27820432456,"B4",5,4.8,2.8,0,"B4",5,4.8,5.8,1627.49225671515
"357",567,"B4",5,0,3,1671.27820432456,"B4",5,4.8,2.8,0,"B4",5,1.9,6.8,1760.02819678847
"358",568,"B4",5,0,2.2,591.601166579128,"B4",5,9.2,0,721.584562621406,"B4",5,9.2,2.2,1313.18572920053
"359",569,"B4",5,0,3.5,1097.00488472539,"B4",5,2.6,4.5,0,"B4",5,2.6,8,1005.94778515649
"360",570,"B4",5,3.3,2.5,1335.96227593906,"B4",5,5.3,0.5,784.612765234051,"B4",5,8.6,3,2120.57504117311
"361",571,"B4",5,0.699999999999999,2,452.38934211693,"B4",5,2.6,1,0,"B4",5,3.3,3,452.38934211693
"362",572,"B4",5,4.3,3.8,1828.40692438926,"B4",5,1.7,5,0,"B4",5,6,8.8,1781.08668504456
"363",574,"B4",5,1.1,3.7,467.311907221482,"B4",5,0,1.8,628.318530717959,"B4",5,0.300000000000001,5.5,1095.63043793944
"364",576,"B4",5,1.9,1.5,801.106126665397,"B4",5,0.300000000000001,2.8,0,"B4",5,2.2,4.3,424.360445160684
"365",577,"B4",5,1.5,2.5,691.150383789754,"B4",5,5.3,4,0,"B4",5,6.8,6.5,83.0558557792801
"366",578,"B4",5,0,3.2,478.307481509046,"B4",5,5.3,2,1817.06773840521,"B4",5,4,5.2,2295.37521991425
"367",579,"B4",5,2.2,1,424.115008234622,"B4",5,3.5,1.5,1357.36437589164,"B4",5,5.7,2.5,1781.47938412626
"368",581,"B4",5,3.6,2.8,191.637151868977,"B4",5,1.5,5.5,245.633275602552,"B4",5,5.1,8.3,437.270427471529
"369",583,"B4",5,0,2,458.427090498048,"B4",5,4.1,4.5,738.077924052752,"B4",5,2.8,6.5,1196.5050145508
"370",584,"B4",5,1.2,2.5,763.40701482232,"B4",5,5,0.0999999999999996,943.852242862883,"B4",5,6.2,2.6,1707.2592576852
"371",585,"B4",5,0,1.3,1291.78362924795,"B4",5,3.4,12,447.087904513997,"B4",5,3.3,13.3,1738.87153376195
"372",586,"B4",5,1.5,4.2,1385.4423602331,"B4",5,2.6,0,376.991118430775,"B4",5,4.1,4.2,1762.43347866387
"373",587,"B4",4,4.6,0.7,608.438139706961,"B4",4,3.4,3,128.608949256332,"B4",4,8,3.7,737.047088963293
"374",588,"B4",3,0,0,923.628240155399,"B4",4,1.5,3,0,"B4",3,1.5,3,772.831792783089
"375",589,"B4",4,0,2,780.489424876214,"B4",4,6.2,1.3,0,"B4",4,6.2,3.3,780.489424876214
"376",590,"B4",4,0,1.5,249.167567337841,"B4",4,2,3.5,938.354455719101,"B4",4,2,5,1187.52202305694
"377",591,"B4",4,1.7,1.5,639.314105005523,"B4",4,0.6,2.5,428.827397215007,"B4",4,2.3,4,1068.14150222053
"378",592,"B4",4,0,0,0,"B4",4,3,1.5,0,"B4",4,2.2,1,0
"379",593,"B4",4,0,2,665.232244397639,"B4",4,5.5,7,0,"B4",4,5.2,9,665.232244397639
"380",594,"B4",4,0,3.5,124.092909816797,"B4",4,3.5,1.3,130.376095123976,"B4",4,5.7,4.5,391.128285371929
"381",594,"B4",4,0,3.5,124.092909816797,"B4",4,3.5,1.3,130.376095123976,"B4",4,3.4,4.8,254.469004940773
"382",594,"B4",4,0,3.5,124.092909816797,"B4",4,5.8,1,267.035375555132,"B4",4,5.7,4.5,391.128285371929
"383",594,"B4",4,0,3.5,124.092909816797,"B4",4,5.8,1,267.035375555132,"B4",4,3.4,4.8,254.469004940773
"384",595,"B4",4,0,1,829.380460547706,"B4",4,1.1,3.8,390.784673675443,"B4",4,0.199999999999999,4.8,1220.16513422315
"385",596,"B4",4,0.0999999999999996,2.5,1067.94515267968,"B4",4,0.799999999999999,2,36.3246650571321,"B4",4,0.899999999999999,4.5,1104.26981773681
"386",597,"B4",4,0.100000000000001,0.3,650.309679293087,"B4",4,9.6,2.5,130.376095123976,"B4",4,9.7,2.8,780.685774417063
"387",599,"B4",4,0,0,329.867228626928,"B4",4,5,1.7,70.6858347057703,"B4",4,4.6,1.7,400.553063332698
"388",600,"B4",4,2.4,0.5,837.23444218168,"B4",4,0.0999999999999996,5.5,0,"B4",4,2.5,6,417.831822927443
"389",601,"B4",4,0,0.8,257.021548971815,"B4",4,4.7,0,146.329495317987,"B4",4,3.5,0.8,403.351044289802
"390",602,"B4",4,0.4,2.2,754.571285484098,"B4",4,0,1,40.2516558741193,"B4",4,0,3.2,794.822941358218
"391",603,"B4",4,1.4,2,741.219516706342,"B4",4,0,0,685.652596645972,"B4",4,0.6,2,1426.87211335231
"392",604,"B4",4,0,2,384.84510006475,"B4",4,0,5.5,1932.07948195772,"B4",4,0,7.5,2316.92458202247
"393",605,"B4",4,2.4,0.5,330.799888945963,"B4",4,1.6,2.8,491.119289049467,"B4",4,4,3.3,821.91917799543
"394",606,"B4",4,0,3.5,1206.37157897848,"B4",4,3.2,0,133.714037318416,"B4",4,3.1,3,1340.0856162969
"395",607,"B4",4,0,1.2,308.857827756047,"B4",4,0.300000000000001,0,92.4806337400496,"B4",4,0.300000000000001,1.2,401.338461496096
"396",608,"B4",4,0,2.7,811.119953248715,"B4",4,8.5,2.8,1143.53972590668,"B4",4,8.2,5.5,1954.6596791554
"397",609,"B4",4,0,2.7,719.768329368549,"B4",4,1.2,7.5,396.626072515711,"B4",4,0.5,10.2,1116.39440188426
"398",610,"B4",3,0.7,1.5,424.115008234622,"B4",3,3.4,4.2,1120.17413054561,"B4",3,4.1,5.7,1544.28913878023
"399",611,"B4",3,0.3,1,541.139334580842,"B4",3,3.9,3,354.65635815916,"B4",3,4.2,4,895.795692740002
"400",612,"B4",3,0.5,0,640.884901332318,"B4",3,1.8,3,744.557458900781,"B4",3,2.3,2,1385.4423602331
"401",613,"B4",3,0.0999999999999996,2.3,673.871624195011,"B4",3,3.4,4,509.527058504095,"B4",3,3.5,6.3,1183.39868269911
"402",614,"B4",3,2.3,1,391.717333994477,"B4",3,2.5,0.5,912.289054171349,"B4",3,4.8,1.5,1304.00638816583
"403",616,"B4",3,1.3,2.8,531.910906160922,"B4",3,1.9,0.2,0,"B4",3,3.2,3,389.557489045134
"404",617,"B4",3,2.9,0.1,934.623814442963,"B4",3,6.1,4.5,658.016398771425,"B4",3,9,4.6,1592.64021321439
"405",618,"B4",3,2.5,2.3,537.212343763855,"B4",3,0,3,111.526539202438,"B4",3,1.9,5.3,648.738882966292
"406",619,"B4",3,1,2,622.820743574177,"B4",3,3,4,888.285322802514,"B4",3,4,6,1511.10606637669
"407",620,"B4",3,1.5,0.9,636.761560974481,"B4",3,1.5,3.3,722.566310325652,"B4",3,3,4.2,1359.32787130013
"408",622,"B4",3,0,0.3,0,"B4",3,0.500000000000001,1.8,36.9628010648923,"B4",3,0.200000000000001,2.1,0
"409",623,"B4",3,4.9,1.3,252.701859073129,"B4",3,1.8,3,201.111017214959,"B4",3,6.7,4.3,453.812876288088
"410",624,"B4",3,1.1,1.3,449.787710700676,"B4",3,1.8,4,511.097854830889,"B4",3,2.9,5.3,960.885565531566
"411",625,"B4",3,0,1.8,406.590811713816,"B4",3,0.300000000000001,3,13.9899047855171,"B4",3,0,4.8,420.580716499334
"412",626,"B4",3,1.1,1.5,469.029965703914,"B4",3,1.1,3.3,876.749787277614,"B4",3,2.2,4.8,1345.77975298153
"413",627,"B4",3,0.600000000000001,2.7,276.607415671539,"B4",3,2.7,3.2,438.841223798324,"B4",3,3.3,5.9,715.448639469863
"414",628,"B4",3,1.9,0.2,172.149459939678,"B4",3,1.6,3.8,685.505334490335,"B4",3,3.5,4,857.654794430014
"415",629,"B4",3,2.2,1,182.212373908208,"B4",3,2.7,0,183.586820694154,"B4",3,4.9,1,365.799194602362
"416",630,"B4",3,0.600000000000001,3,741.415866247191,"B4",3,3.5,0.7,898.495498926681,"B4",3,4.1,3.7,1639.91136517387
"417",631,"B4",3,2.5,1.7,407.425297262426,"B4",3,0.5,2.3,282.743338823081,"B4",3,3,4,690.168636085508
"418",632,"B4",3,2.1,1.2,282.743338823081,"B4",3,1.5,1,410.566889916016,"B4",3,3.6,2.2,693.310228739098
"419",633,"B4",1,1.2,0,391.717333994477,"B4",1,2,3.5,1342.44181078709,"B4",1,3.2,2.7,1734.15914478157
"420",634,"B4",1,0,1.5,340.580059575669,"B4",1,0,1,563.32683269682,"B4",1,0,2.5,903.906892272489
"421",635,"B4",1,0,1.1,604.660374541019,"B4",1,4.3,0.5,1154.97708666116,"B4",1,4,1.6,1759.63746120218
"422",636,"B4",1,0,2.6,360.645019155066,"B4",1,2.1,3,890.641517292706,"B4",1,1.7,5.6,1251.28653644777
"423",636,"B4",1,0,2.6,360.645019155066,"B4",1,2.7,4.5,1178.09724509617,"B4",1,1.7,5.6,1251.28653644777
"424",636,"B4",1,0,1.1,73.1892913515998,"B4",1,2.1,3,890.641517292706,"B4",1,1.7,5.6,1251.28653644777
"425",636,"B4",1,0,1.1,73.1892913515998,"B4",1,2.7,4.5,1178.09724509617,"B4",1,1.7,5.6,1251.28653644777
"426",637,"B4",1,0,0,397.411470679109,"B4",1,4.5,2.5,587.477826221291,"B4",1,3.6,2.5,984.8892969004
"427",638,"B4",1,0.6,1.7,608.233936184477,"B4",1,4,3,1121.54857733156,"B4",1,4.6,4.7,1729.78251351603
"428",639,"B4",1,0,1,518.362787842316,"B4",1,0.4,3.8,1174.95565244258,"B4",1,0.4,4.8,1693.3184402849
"429",640,"B4",1,0,1,382.047119107646,"B4",1,4.5,3.4,736.899826807656,"B4",1,4.5,4.4,1118.9469459153
"430",641,"B4",1,4.1,1.5,513.279298229726,"B4",1,0,5,890.641517292706,"B4",1,4.1,6.5,1403.92081552243
"431",642,"B4",1,1.4,2.9,334.530530222101,"B4",1,4,0,773.028142323938,"B4",1,5.4,2.4,1107.55867254604
"432",643,"B4",1,1.1,1.8,414.690230273853,"B4",1,3.8,2.2,735.132680940011,"B4",1,4.9,4,1149.82291121386
"433",644,"B4",1,2.2,0.6,284.510484690726,"B4",1,2.2,2,712.159784660636,"B4",1,4.4,2.6,996.670269351362
"434",645,"B4",1,0,0.8,232.303105274289,"B4",1,3.6,3,329.27818000438,"B4",1,3.6,3.8,561.581285278669
"435",646,"B4",1,0.7,2,370.511583582746,"B4",1,4.1,4.5,1792.47495841383,"B4",1,4.8,6.5,2162.98654199657
"436",647,"B4",1,7.8,0,415.426541052038,"B4",1,1.9,4.5,1030.6387399183,"B4",1,9.7,2.3,1446.06528097034
"437",648,"B4",1,0.6,1.3,1487.49503408955,"B4",1,4.3,3,684.278149860027,"B4",1,4.9,4.3,2171.77318394958
"438",649,"B5",6,1.5,3.5,1009.82568858827,"B5",6,2.5,4,1031.22778854085,"B5",6,4,7.5,2041.05347712912
"439",650,"B5",6,0,3.6,1204.01538448829,"B5",6,3,1,1583.36269740926,"B5",6,2.8,4.6,2787.37808189754
"440",651,"B5",6,0,1.7,320.442450666159,"B5",6,0,7,1612.61877899581,"B5",6,0,8.7,1933.06122966197
"441",652,"B5",6,0.199999999999999,0,183.783170235003,"B5",6,0.699999999999999,2,0,"B5",6,0.899999999999999,2,183.783170235003
"442",653,"B5",6,5.1,0,0,"B5",6,5.1,14,0,"B5",6,10.2,6.2,0
"443",655,"B5",6,0.699999999999999,1,511.097854830889,"B5",6,2.4,4.5,1447.4888151415,"B5",6,3.1,5.5,1958.58666997239
"444",656,"B5",6,0.8,0,171.953110398829,"B5",6,0.5,2,0,"B5",6,1.3,1.2,55.3705705195201
"445",657,"B5",6,0,0,322.013246992954,"B5",6,0,6.5,0,"B5",6,0,5.9,0
"446",658,"B5",6,0.100000000000001,1,0,"B5",6,0.799999999999999,2,278.619998465245,"B5",6,0.9,3,231.496108661398
"447",659,"B5",6,0.699999999999999,1.3,1271.36327699962,"B5",6,2.3,2,891.623264996953,"B5",6,3,3.3,2162.98654199657
"448",660,"B5",6,0.700000000000001,3.5,839.394287131023,"B5",6,0,4,1281.18075404209,"B5",6,0.700000000000001,7.5,2120.57504117311
"449",661,"B5",6,1.7,0.2,241.902634326414,"B5",6,3.4,8.2,337.721210260903,"B5",6,5.1,8.4,579.623844587317
"450",662,"B5",6,0,2.4,1489.31126734241,"B5",6,0,4.2,1735.72994110836,"B5",6,0,6.6,3225.04120845077
"451",663,"B5",6,0.199999999999999,1.1,1121.54857733156,"B5",6,0,7,138.4264262988,"B5",6,0.199999999999999,8.1,1259.97500363036
"452",664,"B5",6,0,2.5,540.942985039992,"B5",6,0.100000000000001,4.7,1231.5043202072,"B5",6,0,7.2,1772.44730524719
"453",664,"B5",6,0,2.5,540.942985039992,"B5",6,0.100000000000001,4.7,1231.5043202072,"B5",6,0.699999999999999,9.5,1426.87211335231
"454",664,"B5",6,0,2.5,540.942985039992,"B5",6,1,7,885.929128312322,"B5",6,0,7.2,1772.44730524719
"455",664,"B5",6,0,2.5,540.942985039992,"B5",6,1,7,885.929128312322,"B5",6,0.699999999999999,9.5,1426.87211335231
"456",665,"B5",6,0,0,262.862947812084,"B5",6,4.2,3,1199.10664596705,"B5",6,3.7,2.2,1461.96959377914
"457",665,"B5",6,0,0,262.862947812084,"B5",6,4.2,3,1199.10664596705,"B5",6,0.899999999999999,2.9,1690.71680886864
"458",665,"B5",6,0,0,262.862947812084,"B5",6,1.4,3.7,1427.85386105656,"B5",6,3.7,2.2,1461.96959377914
"459",665,"B5",6,0,0,262.862947812084,"B5",6,1.4,3.7,1427.85386105656,"B5",6,0.899999999999999,2.9,1690.71680886864
"460",666,"B5",6,7.9,4.2,370.118884501048,"B5",6,0,1,295.113359896591,"B5",6,4.2,5.2,665.232244397639
"461",667,"B5",5,1.2,2,2010.81564783832,"B5",5,0,6.5,1033.38763349019,"B5",5,0.5,8.5,3044.20328132851
"462",668,"B5",5,0.3,0.6,204.350784638974,"B5",5,4.7,5.7,397.215121138259,"B5",5,5,6.3,601.565905777233
"463",669,"B5",5,0,1.8,808.371059676824,"B5",5,0.100000000000001,8,3604.97756999429,"B5",5,0.100000000000001,9.8,4413.34862967111
"464",670,"B5",5,1.5,3.1,597.491652804609,"B5",5,0,4,2073.45115136926,"B5",5,0.199999999999999,7.1,2670.94280417387
"465",671,"B5",5,1.6,2.2,144.316912524281,"B5",5,0.399999999999999,0.8,1599.8560588406,"B5",5,2,3,1744.17297136488
"466",672,"B5",5,1.7,3.3,745.342857064178,"B5",5,3.5,6.2,590.619418874881,"B5",5,5.2,9.5,1335.96227593906
"467",673,"B5",5,0.5,1.6,496.371639267187,"B5",5,0.199999999999999,3.8,1436.29689131308,"B5",5,0.699999999999999,5.4,1932.66853058027
"468",674,"B5",5,0,5.5,1343.03085940964,"B5",5,0,5,637.743308678728,"B5",5,0,10.5,1980.77416808836
"469",675,"B5",5,4.1,1.2,452.38934211693,"B5",5,1.9,10,2323.20776732965,"B5",5,1.9,11.2,1917.35326639402
"470",675,"B5",5,4.1,1.2,452.38934211693,"B5",5,1.9,10,2323.20776732965,"B5",5,6,11.2,2775.59710944658
"471",675,"B5",5,0,1.2,0,"B5",5,1.9,10,2323.20776732965,"B5",5,1.9,11.2,1917.35326639402
"472",675,"B5",5,0,1.2,0,"B5",5,1.9,10,2323.20776732965,"B5",5,6,11.2,2775.59710944658
"473",676,"B5",5,1.2,0,517.381040138069,"B5",5,10.8,4,209.701309627119,"B5",5,12,3.5,727.082349765188
"474",678,"B5",5,0,0,489.057618870549,"B5",5,1.3,7,1393.88539048962,"B5",5,1.3,7,1882.94300936017
"475",679,"B5",5,0,3.7,1460.6442343784,"B5",5,0.9,6,1288.24933751266,"B5",5,0.299999999999999,9.7,2748.89357189107
"476",680,"B5",5,0.6,2.3,705.091201190059,"B5",5,0.0999999999999996,7.5,1615.56402210855,"B5",5,0.699999999999999,9.8,2320.65522329861
"477",681,"B5",5,0.0999999999999996,1,890.641517292706,"B5",5,1.8,5.5,518.166438301466,"B5",5,1.9,6.5,1408.80795559417
"478",682,"B5",5,1.8,0,610.843421582365,"B5",5,0,7.5,958.971157508284,"B5",5,1.2,6.7,1569.81457909065
"479",683,"B5",5,0,0,746.128255227576,"B5",5,0,6,477.325733804799,"B5",5,0,5.5,1223.45398903238
"480",684,"B5",5,0.5,0.5,124.681958439345,"B5",5,0.5,8.3,106.814150222053,"B5",5,1,8.8,231.496108661398
"481",685,"B5",5,0,1.5,265.660928769187,"B5",5,1,6.8,375.223972563131,"B5",5,0.4,8.3,640.884901332318
"482",686,"B5",5,0.7,0.3,0,"B5",5,0.7,0,273.318560862312,"B5",5,1.4,0.3,226.194671058465
"483",687,"B5",1,1.3,0.5,519.099098620501,"B5",1,1.5,2,790.306901918682,"B5",1,2.8,2.5,1309.40600053918
"484",688,"B5",1,1.5,1.3,17.0824100538945,"B5",1,1.7,1.2,1318.09446772177,"B5",1,3.2,2.5,1335.17687777566
"485",689,"B5",1,1.6,1.8,1086.79470860122,"B5",1,0.3,6,542.36651921115,"B5",1,1.9,7.8,1629.16122781237
"486",690,"B5",1,3.1,2.3,1489.11491780156,"B5",1,1.7,6,2607.71825202038,"B5",1,4.9,8.2,3534.29173528852
"487",690,"B5",1,3.1,2.3,1489.11491780156,"B5",1,1.8,5.9,2045.17681748696,"B5",1,4.9,8.2,3534.29173528852
"488",690,"B5",1,3.2,2.2,926.57348326814,"B5",1,1.7,6,2607.71825202038,"B5",1,4.9,8.2,3534.29173528852
"489",690,"B5",1,3.2,2.2,926.57348326814,"B5",1,1.8,5.9,2045.17681748696,"B5",1,4.9,8.2,3534.29173528852
"490",691,"B5",1,0.800000000000001,0.5,519.344535546563,"B5",1,3.2,3,551.349510705009,"B5",1,4,3.5,1070.69404625157
"491",692,"B5",1,2.1,1.3,585.857942509284,"B5",1,3.1,4,939.532552964198,"B5",1,5.2,5.3,1525.39049547348
"492",693,"B5",1,0,0,0,"B5",1,0.8,1.5,186.924762888593,"B5",1,0.5,1.3,159.19039024362
"493",694,"B5",1,1,0,0,"B5",1,3.2,6.5,2998.65018785146,"B5",1,4.2,6.2,2694.89744815749
"494",695,"B5",1,1.5,1,591.601166579128,"B5",1,1,5.5,1477.92299397315,"B5",1,2.5,6.5,2069.52416055228
"495",696,"B5",1,0,1.3,777.544181763474,"B5",1,2.6,4.8,1505.41192969206,"B5",1,1.6,6.1,2282.95611145553
"496",697,"B5",1,1.9,2.8,1330.46448879528,"B5",1,1.2,8.5,1046.1503536454,"B5",1,3.1,11.3,2376.61484244068
"497",698,"B5",1,1.1,1.8,1138.23828830375,"B5",1,0,7,1036.72557568463,"B5",1,0,8.8,2174.96386398838
"498",698,"B5",1,1.1,1.8,1138.23828830375,"B5",1,0,7,1036.72557568463,"B5",1,2.1,6.8,2331.06174896363
"499",698,"B5",1,1.1,1.8,1138.23828830375,"B5",1,1,5,1192.82346065987,"B5",1,0,8.8,2174.96386398838
"500",698,"B5",1,1.1,1.8,1138.23828830375,"B5",1,1,5,1192.82346065987,"B5",1,2.1,6.8,2331.06174896363
"501",699,"B5",1,3.5,2.5,268.606171881927,"B5",1,0.700000000000001,4.2,446.106156809751,"B5",1,4.2,6.7,714.712328691678
"502",700,"B5",1,0.9,0.5,135.28483364521,"B5",1,1.6,1.7,950.331777710912,"B5",1,2.5,2.2,1085.61661135612
"503",701,"B5",1,1,3.8,1728.66135763778,"B5",1,0.6,5,645.008241690154,"B5",1,1.6,8.8,2373.66959932794
"504",702,"B5",1,1.6,1.3,474.755518315081,"B5",1,1.3,4,734.347282776614,"B5",1,2.9,5.3,1209.1028010917
"505",703,"B5",1,3.6,0,366.977291847458,"B5",1,2.1,0,540.157586876595,"B5",1,5.7,0,907.134878724053
"506",704,"B5",1,4.8,1.7,471.827946661017,"B5",1,0.899999999999999,4.9,1422.55242345363,"B5",1,5.7,6.6,1894.38037011465
"507",705,"B5",1,0.6,0,429.023746755856,"B5",1,3.8,3.5,1201.6591899981,"B5",1,4.4,2.5,1630.68293675395
"508",706,"B5",1,2.6,1.2,489.057618870549,"B5",1,2.3,6,1174.95565244258,"B5",1,4.9,7.2,1664.01327131313
"509",707,"B5",1,2.4,0.5,392.453644772662,"B5",1,0.100000000000001,6,541.777470588602,"B5",1,2.5,6.5,934.231115361265
"510",708,"B5",1,1.7,0,125.074657521044,"B5",1,0.999999999999999,5,947.190185057323,"B5",1,2.7,4.5,1072.26484257837
"511",710,"B5",3,0.2,0,0,"B5",3,0.1,2.7,190.704491549943,"B5",3,0.3,2.2,168.909692515664
"512",711,"B5",3,0,0,369.137136796801,"B5",3,2.6,2.5,587.477826221291,"B5",3,2.2,1.2,956.614963018092
"513",712,"B5",3,4.7,1.5,250.345664582937,"B5",3,0,2,703.716754404114,"B5",3,4.4,3.5,954.06241898705
"514",712,"B5",3,4.7,1.5,250.345664582937,"B5",3,0,2,703.716754404114,"B5",4,0,3.4,643.044746281661
"515",712,"B5",4,0,1.4,0,"B5",3,0,2,703.716754404114,"B5",3,4.4,3.5,954.06241898705
"516",712,"B5",4,0,1.4,0,"B5",3,0,2,703.716754404114,"B5",4,0,3.4,643.044746281661
"517",713,"B5",3,1.2,0,62.8318530717959,"B5",3,1.1,1.3,293.542563569796,"B5",3,2.3,0.8,356.374416641592
"518",714,"B5",3,1.2,0,39.2699081698724,"B5",3,1.5,0.5,186.924762888593,"B5",3,2.7,0,226.194671058465
"519",715,"B5",3,0,0,291.579068161303,"B5",3,7.5,3.5,324.173091942297,"B5",3,6.6,3.5,615.752160103599
"520",717,"B5",3,0,0,197.478550709246,"B5",3,0,1,130.572444664826,"B5",3,0,0.3,328.050995374072
"521",718,"B5",3,0,0,75.398223686155,"B5",3,2.8,3.5,863.937979737193,"B5",3,2.5,3,939.336203423348
"522",719,"B5",3,0.6,0.5,174.947440896782,"B5",3,2,3.5,1282.75155036888,"B5",3,2.6,4,1457.69899126566
"523",720,"B5",3,0.8,1.7,490.088453960008,"B5",3,4.4,3.7,1081.49327099829,"B5",3,5.2,5.4,1571.58172495829
"524",721,"B5",3,0.9,1,289.026524130261,"B5",3,2,3,652.862223324129,"B5",3,2.9,4,941.88874745439
"525",722,"B5",3,0,0.7,97.1930227204342,"B5",3,1.8,1.8,366.830029691821,"B5",3,1.7,2.5,464.023052412255
"526",723,"B5",3,2.3,0.8,332.959733895306,"B5",3,0.2,1.7,414.101181651305,"B5",3,2.5,2.5,747.06091554661
"527",725,"B5",3,0,1,231.643370817035,"B5",3,2.3,2.2,790.306901918682,"B5",3,1.7,3.2,1021.95027273572
"528",726,"B5",3,0.3,0.0999999999999996,267.575336792468,"B5",3,5.4,3.7,942.477796076938,"B5",3,5.7,3.8,1210.05313286941
"529",727,"B5",3,0,0.3,104.212518805799,"B5",3,2.9,4.2,1187.52202305694,"B5",3,1.6,4.5,1291.73454186274
"530",728,"B5",3,0,0,58.9048622548086,"B5",3,2.7,1,209.112261004571,"B5",3,2.5,0.8,268.017123259379
"531",729,"B5",3,0,0,87.3755456779662,"B5",3,3.2,2.3,160.221225333079,"B5",3,3.2,0,247.596771011046
"532",730,"B5",3,0.2,0.8,83.2522053201296,"B5",3,2.2,0.8,926.57348326814,"B5",3,2.4,1.6,1009.82568858827
"533",731,"B5",3,0.0999999999999996,0.7,37.1100632205294,"B5",3,3,1.6,257.610597594363,"B5",3,3.1,2.3,294.720660814892
"534",732,"B5",3,1.8,0,238.761041672824,"B5",3,2.9,3.6,937.176358474005,"B5",3,4.7,3,1175.93740014683
"535",733,"B5",2,0,0,54.1924732744239,"B5",2,1.6,2,282.743338823081,"B5",2,0.600000000000001,1.2,336.935812097505
"536",734,"B5",2,0,0.5,301.59289474462,"B5",7,0.5,3.4,885.340079689774,"B5",2,0,3.9,1186.93297443439
"537",735,"B5",2,0.6,1.8,164.933614313464,"B5",7,0.0999999999999996,2.5,273.90760948486,"B5",2,0.699999999999999,4.3,438.841223798324
"538",737,"B5",2,0,0.7,149.814699668063,"B5",7,0,0.3,0,"B5",2,0,1,0
"539",738,"B5",2,0,1.1,26.1144889329652,"B5",7,2.2,4.2,1494.41635540449,"B5",2,1.8,5.3,1520.53084433746
"540",739,"B5",2,0.0999999999999996,0,50.2654824574367,"B5",7,1.4,0,161.988371200724,"B5",2,1.5,0,212.25385365816
"541",740,"B5",2,0,2,191.637151868977,"B5",7,0.6,2.5,1173.38485611579,"B5",2,0.6,4.5,1365.02200798476
"542",741,"B5",2,0,2.7,1450.04135917254,"B5",7,0,8,0,"B5",2,0,10.7,1401.93572166445
"543",742,"B5",2,0.5,0,290.400970916207,"B5",2,1,1.5,0,"B5",2,1.5,1,122.522113490002
"544",743,"B5",2,0,2,760.26542216873,"B5",7,3.1,2,494.800842940392,"B5",2,2.4,4,1255.06626510912
"545",744,"B5",2,0,0,146.084058391925,"B5",7,1.4,2.5,111.330189661588,"B5",2,0.5,1.5,257.414248053514
"546",745,"B5",2,0,2,346.949638680823,"B5",2,3,1.3,672.497177409065,"B5",2,2.1,3.3,1019.44681608989
"547",746,"B5",2,0,3.3,86.5901475145688,"B5",7,2.5,4,2162.98654199657,"B5",2,2.5,7.3,2249.57668951114
"548",747,"B5",2,0,0,480.07462737669,"B5",7,2.7,6.2,1865.90968669149,"B5",2,2.5,5.1,2345.98431406818
"549",748,"B5",7,0,0.7,182.212373908208,"B5",7,1.2,5.5,470.649849415921,"B5",7,0.6,6.2,652.862223324129
"550",749,"B5",7,0.199999999999999,0,0,"B5",7,0.4,0,1634.60992757094,"B5",7,0.6,0,1634.60992757094
"551",750,"B5",7,0,0.4,0,"B5",7,0,0,662.679700366597,"B5",7,0,0.4,640.884901332318
"552",751,"B5",7,0,1.5,904.77868423386,"B5",7,0.5,5.5,1288.24933751266,"B5",7,0.5,7,2193.02802174653
"553",752,"B5",7,0,1,1340.0856162969,"B5",7,3.3,6.5,2904.99145686631,"B5",7,2.9,7.5,4245.07707316321
"554",753,"B5",7,0,1.7,92.4806337400496,"B5",7,2.8,4,1618.11656613959,"B5",7,1.5,5.7,1710.59719987964
"555",754,"B5",7,0,1,572.55526111674,"B5",7,0,0,872.577359534565,"B5",7,0,1,1445.1326206513
"556",755,"B5",7,0,0,79.2761271179299,"B5",7,2.4,1.5,136.070231808608,"B5",7,1.6,1.4,215.346358926538
"557",756,"B5",7,0,2.6,538.78314009065,"B5",7,0.300000000000001,5.2,2194.40246853247,"B5",7,0.300000000000001,7.8,2733.18560862312
"558",757,"B5",7,0,0,400.553063332698,"B5",7,1.3,7.5,1248.78307980194,"B5",7,0.200000000000001,6.3,1649.33614313464
"559",758,"B5",7,0,0.8,385.826847768997,"B5",7,2.8,3,1286.48219164502,"B5",7,1.95,3.8,1672.30903941402
"560",759,"B5",7,0,2.3,349.502182711865,"B5",7,3.8,5.5,1045.56130502285,"B5",7,3.8,7.8,1395.06348773472
"561",760,"B5",7,1.8,0.3,183.783170235003,"B5",7,2.3,1,620.268199543135,"B5",7,4.1,1.3,804.051369778138
"562",761,"B5",7,0,0,71.2748833283184,"B5",7,12.8,6,0,"B5",7,12.4,4.8,0
"563",762,"B5",7,4,0,846.070171519901,"B5",7,1.7,4,1088.56185446886,"B5",7,5.7,2.7,1934.63202598876
"564",763,"B5",7,0,0,156.145008865047,"B5",7,2.1,4.5,0,"B5",7,2,4.5,0
"565",766,"B5",4,0.100000000000001,1.2,1154.53530019425,"B5",4,3.7,5.5,298.45130209103,"B5",4,3.8,6.7,1452.98660228528
"566",767,"B5",4,1.6,0,496.371639267187,"B5",4,3.1,8,1247.8013320977,"B5",4,4.7,7.8,1744.17297136488
"567",768,"B5",4,0,0,300.660234425586,"B5",4,2.1,6.5,1311.56584548853,"B5",4,1.8,6.5,1612.22607991411
"568",769,"B5",4,0,0,630.871074749,"B5",4,2.7,8,516.791991515521,"B5",4,2.1,7.5,1147.66306626452
"569",770,"B5",4,1.2,0,498.924183298229,"B5",4,2.6,3.7,1174.95565244258,"B5",4,3.8,0,1673.87983574081
"570",771,"B5",4,0.300000000000001,0.3,298.64765163188,"B5",4,2.2,5,1376.60663089488,"B5",4,2.5,5.3,1675.25428252676
"571",773,"B5",4,0,1.3,334.579617607313,"B5",4,0.85,4,188.495559215388,"B5",4,0,5.3,523.075176822701
"572",774,"B5",4,0,1.5,226.194671058465,"B5",4,0,3,186.139364725195,"B5",4,0,4.5,412.33403578366
"573",775,"B5",4,0,6.3,519.982671554323,"B5",4,1.7,0.199999999999999,3118.76701946605,"B5",4,1.7,6.5,3638.74969102038
"574",776,"B5",4,0,0.5,136.462930890307,"B5",4,3.1,3,2613.80508778671,"B5",4,2.5,3.5,2750.26801867701
"575",777,"B5",4,0,1,0,"B5",4,0,4,819.808420431299,"B5",4,0,5,772.684530627452
"576",778,"B5",4,0,1.2,923.873677081461,"B5",4,0,6.3,269.391570045325,"B5",4,0,7.5,1193.26524712679
"577",779,"B5",4,2.3,2.7,529.800148596791,"B5",4,2,6.3,601.173206695534,"B5",4,4.3,9,1130.97335529233
"578",780,"B5",4,0.0999999999999996,1,765.763209312512,"B5",4,3.1,6.5,991.368831748429,"B5",4,3.2,7.5,1757.13204106094
"579",781,"B5",4,0.399999999999999,1.7,532.352692627833,"B5",4,3.2,2,534.070751110265,"B5",4,3.6,3.7,1066.4234437381
"580",782,"B5",4,0,0.8,339.292006587698,"B5",4,0,3,1130.97335529233,"B5",4,0,3.8,1470.26536188002
"581",783,"B5",4,0,2.6,929.911425462579,"B5",4,1.4,4.8,144.513262065131,"B5",4,1.4,7.4,1074.42468752771
"582",784,"B5",4,0.0999999999999996,0.7,239.742789377071,"B5",4,1.9,5.1,967.610537305656,"B5",4,2,5.8,1207.35332668273
"583",785,"B5",4,1,1,295.309709437441,"B5",4,1,4,791.484999163778,"B5",4,2,5,1086.79470860122
"584",915,"B3",2,0,3.7,1629.70118904971,"B3",1,1.4,1.5,261.53758841135,"B3",2,0.5,5.2,1891.23877746106
"585",950,"B3",1,0,1.3,1083.84946548848,"B3",2,0,5.2,819.955682586936,"B3",1,0,6.5,1903.80514807541
